onset	duration	sample	value
0.0009765625	n/a	2	1310
1.599609375	n/a	1639	1311
1.748046875	n/a	1791	1312
5.23828125	n/a	5365	3111
5.23828125	n/a	5365	1211
5.23828125	n/a	5365	3200
5.23828125	n/a	5365	3310
5.23828125	n/a	5365	4230
5.3251953125	n/a	5454	2621
5.5986328125	n/a	5734	1311
5.716796875	n/a	5855	1312
10.5751953125	n/a	10830	2622
13.791015625	n/a	14123	1111
13.8828125	n/a	14217	1311
13.974609375	n/a	14311	1312
14.0126953125	n/a	14350	4311
14.0126953125	n/a	14350	1112
17.583984375	n/a	18007	4210
17.583984375	n/a	18007	4312
21.53515625	n/a	22053	1121
22.3349609375	n/a	22872	4230
22.4013671875	n/a	22940	4311
22.45703125	n/a	22997	1122
24.8369140625	n/a	25434	4210
25.9306640625	n/a	26554	1311
26.03515625	n/a	26661	1312
26.61328125	n/a	27253	4312
29.1015625	n/a	29801	1121
30.056640625	n/a	30779	4230
30.08984375	n/a	30813	4311
30.15625	n/a	30881	1122
34.6650390625	n/a	35498	4210
34.78515625	n/a	35621	4312
38.12890625	n/a	39045	1111
38.794921875	n/a	39727	4220
39.05078125	n/a	39989	4311
39.1171875	n/a	40057	1112
41.958984375	n/a	42967	4210
43.5634765625	n/a	44610	4312
46.048828125	n/a	47155	4230
48.765625	n/a	49937	4210
48.8798828125	n/a	50054	1311
48.9853515625	n/a	50162	1312
51.6044921875	n/a	52844	4230
52.005859375	n/a	53255	4210
53.791015625	n/a	55083	1121
54.423828125	n/a	55731	3200
54.4580078125	n/a	55766	4230
54.5908203125	n/a	55902	4311
54.646484375	n/a	55959	1122
54.828125	n/a	56145	2621
56.8974609375	n/a	58264	4210
57.7587890625	n/a	59146	4312
59.4140625	n/a	60841	4220
59.84765625	n/a	61285	4210
62.1767578125	n/a	63670	1111
62.576171875	n/a	64079	4311
62.5986328125	n/a	64102	1112
62.6201171875	n/a	64124	4220
63.078125	n/a	64593	2622
65.4609375	n/a	67033	4210
65.69140625	n/a	67269	4312
68.43359375	n/a	70077	1111
69.1552734375	n/a	70816	4220
69.2783203125	n/a	70942	4311
69.333984375	n/a	70999	1112
71.9306640625	n/a	73658	4210
74.1787109375	n/a	75960	4312
75.0576171875	n/a	76860	1121
75.55859375	n/a	77373	4311
75.580078125	n/a	77395	4230
75.580078125	n/a	77395	1122
78.15234375	n/a	80029	4210
78.904296875	n/a	80799	4312
84.22265625	n/a	86245	1111
85.0	n/a	87041	4311
85.044921875	n/a	87087	4220
85.044921875	n/a	87087	1112
87.6923828125	n/a	89798	4210
89.5693359375	n/a	91720	4312
90.181640625	n/a	92347	4230
90.7509765625	n/a	92930	1311
90.8828125	n/a	93065	1312
91.20703125	n/a	93397	1111
91.7841796875	n/a	93988	4210
92.162109375	n/a	94375	4311
92.23046875	n/a	94445	1112
92.4033203125	n/a	94622	4220
94.9814453125	n/a	97262	3200
95.2119140625	n/a	97498	4210
95.330078125	n/a	97619	2621
96.84765625	n/a	99173	4230
98.462890625	n/a	100827	4210
98.64453125	n/a	101013	4312
99.482421875	n/a	101871	1311
99.6083984375	n/a	102000	1312
100.513671875	n/a	102927	1111
101.4912109375	n/a	103928	4311
101.5576171875	n/a	103996	1112
101.640625	n/a	104081	4220
101.705078125	n/a	104147	1311
101.826171875	n/a	104271	1312
103.5810546875	n/a	106068	2622
103.986328125	n/a	106483	4210
105.2001953125	n/a	107726	4312
107.0458984375	n/a	109616	1111
107.33203125	n/a	109909	1311
107.478515625	n/a	110059	1312
107.912109375	n/a	110503	4311
107.9677734375	n/a	110560	1112
108.0400390625	n/a	110634	4220
110.8984375	n/a	113561	4210
112.1923828125	n/a	114886	4312
113.3603515625	n/a	116082	1111
114.2041015625	n/a	116946	4311
114.259765625	n/a	117003	1112
114.3125	n/a	117057	4220
116.251953125	n/a	119043	1311
116.3779296875	n/a	119172	1312
120.609375	n/a	123505	4210
121.7685546875	n/a	124692	1111
122.580078125	n/a	125523	4220
122.634765625	n/a	125579	4311
122.6904296875	n/a	125636	1112
124.583984375	n/a	127575	1311
124.689453125	n/a	127683	1312
125.83203125	n/a	128853	4210
125.83203125	n/a	128853	4312
129.3134765625	n/a	132418	1111
129.61328125	n/a	132725	4311
129.6240234375	n/a	132736	1112
129.88671875	n/a	133005	4312
134.4326171875	n/a	137660	1311
134.5380859375	n/a	137768	1312
134.5400390625	n/a	137770	1111
135.462890625	n/a	138715	4220
135.5517578125	n/a	138806	3200
135.5517578125	n/a	138806	4311
135.6181640625	n/a	138874	1112
135.83203125	n/a	139093	2621
140.140625	n/a	143505	4210
141.21484375	n/a	144605	1111
142.2041015625	n/a	145618	4311
142.248046875	n/a	145663	4220
142.2705078125	n/a	145686	1112
143.9814453125	n/a	147438	4210
144.0830078125	n/a	147542	2622
144.7119140625	n/a	148186	4230
145.45703125	n/a	148949	1311
145.5546875	n/a	149049	1312
147.748046875	n/a	151295	1111
148.537109375	n/a	152103	4210
148.703125	n/a	152273	4311
148.7705078125	n/a	152342	1112
148.921875	n/a	152497	4220
152.1826171875	n/a	155836	4210
153.091796875	n/a	156767	4312
155.857421875	n/a	159599	1311
155.9853515625	n/a	159730	1312
156.36328125	n/a	160117	1111
157.240234375	n/a	161015	4220
157.3515625	n/a	161129	4311
157.4189453125	n/a	161198	1112
161.2197265625	n/a	165090	4210
161.3203125	n/a	165193	4312
163.3330078125	n/a	167254	1111
164.310546875	n/a	168255	4220
164.3330078125	n/a	168278	4311
164.400390625	n/a	168347	1112
167.4541015625	n/a	171474	1311
167.5859375	n/a	171609	1312
169.8798828125	n/a	173958	4210
170.205078125	n/a	174291	1121
170.6044921875	n/a	174700	1311
170.7216796875	n/a	174820	1312
171.005859375	n/a	175111	4311
171.060546875	n/a	175167	1122
171.22265625	n/a	175333	4230
174.04296875	n/a	178221	4210
175.35546875	n/a	179565	4312
175.96875	n/a	180193	1111
176.1796875	n/a	180409	4220
176.2685546875	n/a	180500	3200
176.56640625	n/a	180805	4311
176.599609375	n/a	180839	1112
176.8349609375	n/a	181080	2621
179.5078125	n/a	183817	1311
179.61328125	n/a	183925	1312
179.650390625	n/a	183963	4210
179.650390625	n/a	183963	4312
182.5546875	n/a	186937	1311
182.65625	n/a	187041	1312
184.412109375	n/a	188839	1121
184.8349609375	n/a	189272	2622
185.390625	n/a	189841	4311
185.45703125	n/a	189909	4230
185.45703125	n/a	189909	1122
187.998046875	n/a	192511	4210
189.4482421875	n/a	193996	4312
191.34765625	n/a	195941	4220
192.37109375	n/a	196989	1121
192.416015625	n/a	197035	4311
192.416015625	n/a	197035	1122
196.6357421875	n/a	201356	1311
196.779296875	n/a	201503	1312
197.056640625	n/a	201787	4210
197.146484375	n/a	201879	4312
197.6357421875	n/a	202380	1311
197.7822265625	n/a	202530	1312
198.4462890625	n/a	203210	1121
199.43359375	n/a	204221	4311
199.5009765625	n/a	204290	4230
199.5009765625	n/a	204290	1122
201.703125	n/a	206545	4210
202.435546875	n/a	207295	1311
202.5810546875	n/a	207444	1312
202.8720703125	n/a	207742	4312
205.408203125	n/a	210339	1111
205.53125	n/a	210465	4220
206.01953125	n/a	210965	4311
206.0537109375	n/a	211000	1112
208.705078125	n/a	213715	1311
208.8291015625	n/a	213842	1312
211.0634765625	n/a	216130	1121
211.140625	n/a	216209	4210
211.8857421875	n/a	216972	4311
211.9404296875	n/a	217028	1122
212.15234375	n/a	217245	4230
214.6279296875	n/a	219780	4210
215.087890625	n/a	220251	4312
216.7880859375	n/a	221992	3200
217.0869140625	n/a	222298	2621
217.5185546875	n/a	222740	4220
221.912109375	n/a	227239	4210
225.3369140625	n/a	230746	2622
226.0859375	n/a	231513	1111
226.419921875	n/a	231855	4311
226.4306640625	n/a	231866	1112
227.212890625	n/a	232667	4312
232.564453125	n/a	238147	1121
233.4306640625	n/a	239034	4230
233.59765625	n/a	239205	4311
233.6650390625	n/a	239274	1122
236.6259765625	n/a	242306	4210
237.1064453125	n/a	242798	4312
238.4404296875	n/a	244164	1311
238.5322265625	n/a	244258	1312
239.6845703125	n/a	245438	1111
240.1728515625	n/a	245938	4220
240.4736328125	n/a	246246	4311
240.529296875	n/a	246303	1112
243.55078125	n/a	249397	4210
243.91015625	n/a	249765	4312
247.861328125	n/a	253811	1121
248.806640625	n/a	254779	4311
248.806640625	n/a	254779	1311
248.873046875	n/a	254847	1122
248.9501953125	n/a	254926	1312
249.0146484375	n/a	254992	4230
250.294921875	n/a	256303	4210
251.0751953125	n/a	257102	4220
255.330078125	n/a	261459	1121
255.8974609375	n/a	262040	4210
256.21875	n/a	262369	4311
256.275390625	n/a	262427	1122
256.4970703125	n/a	262654	4230
257.546875	n/a	263729	3200
258.0888671875	n/a	264284	2621
258.3564453125	n/a	264558	4210
259.7666015625	n/a	266002	4312
260.0576171875	n/a	266300	1311
260.1875	n/a	266433	1312
260.2958984375	n/a	266544	4220
261.7216796875	n/a	268004	4210
261.8359375	n/a	268121	1121
262.791015625	n/a	269099	4311
262.8583984375	n/a	269168	1122
262.900390625	n/a	269211	4230
265.3466796875	n/a	271716	4210
265.88671875	n/a	272269	4312
266.33984375	n/a	272733	2622
268.353515625	n/a	274795	1121
269.15234375	n/a	275613	4311
269.2080078125	n/a	275670	1122
269.2900390625	n/a	275754	4230
270.6826171875	n/a	277180	4210
271.533203125	n/a	278051	4220
274.5693359375	n/a	281160	1121
274.8447265625	n/a	281442	4210
275.3173828125	n/a	281926	4311
275.3671875	n/a	281977	1122
275.5576171875	n/a	282172	4230
276.1884765625	n/a	282818	1311
276.314453125	n/a	282947	1312
277.2763671875	n/a	283932	4210
278.6875	n/a	285377	1311
278.794921875	n/a	285487	1312
278.9765625	n/a	285673	4220
279.7265625	n/a	286441	4210
279.7666015625	n/a	286482	4312
280.6875	n/a	287425	1311
280.8271484375	n/a	287568	1312
282.8154296875	n/a	289604	1111
283.548828125	n/a	290355	4220
283.5927734375	n/a	290400	4311
283.6376953125	n/a	290446	1112
285.8701171875	n/a	292732	4210
287.2587890625	n/a	294154	4230
289.408203125	n/a	296355	1111
290.2998046875	n/a	297268	4210
290.388671875	n/a	297359	4311
290.455078125	n/a	297427	1112
290.8466796875	n/a	297828	4220
292.1767578125	n/a	299190	4210
293.658203125	n/a	300707	1311
293.70703125	n/a	300757	4230
293.8046875	n/a	300857	1312
296.115234375	n/a	303223	1111
296.5615234375	n/a	303680	4210
297.005859375	n/a	304135	4311
297.0615234375	n/a	304192	1112
297.36328125	n/a	304501	4220
298.623046875	n/a	305791	3200
299.091796875	n/a	306271	2621
299.103515625	n/a	306283	4210
300.892578125	n/a	308115	4312
302.2138671875	n/a	309468	4230
302.6162109375	n/a	309880	1111
303.0712890625	n/a	310346	4210
303.4716796875	n/a	310756	4311
303.5263671875	n/a	310812	1112
303.9619140625	n/a	311258	4220
304.138671875	n/a	311439	1311
304.2724609375	n/a	311576	1312
305.638671875	n/a	312975	1311
305.78515625	n/a	313125	1312
305.9482421875	n/a	313292	4210
306.078125	n/a	313425	4312
307.341796875	n/a	314719	2622
308.9892578125	n/a	316406	1111
309.5234375	n/a	316953	4311
309.5556640625	n/a	316986	1112
310.09765625	n/a	317541	4220
313.216796875	n/a	320735	4210
315.765625	n/a	323345	4312
317.1708984375	n/a	324784	1111
318.0810546875	n/a	325716	4311
318.13671875	n/a	325773	1112
318.328125	n/a	325969	4220
321.6396484375	n/a	329360	4210
322.673828125	n/a	330419	4312
324.8525390625	n/a	332650	1121
325.076171875	n/a	332879	4230
325.7421875	n/a	333561	4311
325.7939453125	n/a	333614	1122
328.3896484375	n/a	336272	1311
328.4970703125	n/a	336382	1312
329.5185546875	n/a	337428	4210
330.9599609375	n/a	338904	1311
331.0849609375	n/a	339032	1312
331.205078125	n/a	339155	4312
331.5634765625	n/a	339522	1121
332.5400390625	n/a	340522	4311
332.607421875	n/a	340591	1122
332.6181640625	n/a	340602	4230
334.9658203125	n/a	343006	4210
336.6025390625	n/a	344682	4312
337.9169921875	n/a	346028	4220
338.8583984375	n/a	346992	4210
339.26953125	n/a	347413	3200
339.59375	n/a	347745	2621
340.505859375	n/a	348679	1121
341.40625	n/a	349601	4311
341.4609375	n/a	349657	1122
341.5234375	n/a	349721	4230
343.8896484375	n/a	352144	4210
344.439453125	n/a	352707	1311
344.56640625	n/a	352837	1312
345.7958984375	n/a	354096	4220
347.6875	n/a	356033	1121
348.09375	n/a	356449	2622
348.5947265625	n/a	356962	4210
348.7509765625	n/a	357122	4311
348.8173828125	n/a	357190	1122
349.08203125	n/a	357461	4230
350.2392578125	n/a	358646	1311
350.38671875	n/a	358797	1312
351.134765625	n/a	359563	4210
352.107421875	n/a	360559	4312
357.201171875	n/a	365775	1111
358.0908203125	n/a	366686	4311
358.1455078125	n/a	366742	1112
358.1875	n/a	366785	4220
360.44921875	n/a	369101	4210
361.421875	n/a	370097	4312
361.7529296875	n/a	370436	4230
364.8388671875	n/a	373596	1111
365.5390625	n/a	374313	4210
365.783203125	n/a	374563	4311
365.8505859375	n/a	374632	1112
366.01171875	n/a	374797	4220
367.9384765625	n/a	376770	4210
369.0224609375	n/a	377880	4312
371.6337890625	n/a	380554	1121
371.8447265625	n/a	380770	4230
372.0	n/a	380929	4311
372.01171875	n/a	380941	1122
373.9775390625	n/a	382954	4210
374.041015625	n/a	383019	1311
374.138671875	n/a	383119	4312
374.1650390625	n/a	383146	1312
379.9033203125	n/a	389022	1111
380.0029296875	n/a	389124	3200
380.345703125	n/a	389475	2621
380.658203125	n/a	389795	4311
380.703125	n/a	389841	1112
381.1259765625	n/a	390274	4220
382.349609375	n/a	391527	4210
383.5537109375	n/a	392760	4312
387.71875	n/a	397025	1111
388.2294921875	n/a	397548	4311
388.2509765625	n/a	397570	1112
388.5966796875	n/a	397924	2622
390.16015625	n/a	399525	4312
392.5615234375	n/a	401984	1311
392.7080078125	n/a	402134	1312
395.2109375	n/a	404697	1311
395.345703125	n/a	404835	1312
398.7421875	n/a	408313	1311
398.888671875	n/a	408463	1312
402.5859375	n/a	412249	1121
403.353515625	n/a	413035	4230
403.3857421875	n/a	413068	4311
403.4423828125	n/a	413126	1122
405.240234375	n/a	414967	4210
406.11328125	n/a	415861	4220
409.982421875	n/a	419823	1111
410.890625	n/a	420753	4311
410.9462890625	n/a	420810	1112
412.8125	n/a	422721	1311
412.9365234375	n/a	422848	1312
416.0849609375	n/a	426072	4210
416.2763671875	n/a	426268	1121
416.7646484375	n/a	426768	4311
416.787109375	n/a	426791	1122
417.7099609375	n/a	427736	4312
417.8818359375	n/a	427912	4230
420.490234375	n/a	430583	3200
420.8486328125	n/a	430950	2621
423.4423828125	n/a	433606	1121
424.392578125	n/a	434579	4311
424.458984375	n/a	434647	1122
427.521484375	n/a	437783	4210
427.9443359375	n/a	438216	4312
428.1435546875	n/a	438420	1311
428.2822265625	n/a	438562	1312
429.0986328125	n/a	439398	2622
433.2626953125	n/a	443662	1311
433.3994140625	n/a	443802	1312
436.669921875	n/a	447151	1111
436.958984375	n/a	447447	4311
436.9697265625	n/a	447458	1112
437.4033203125	n/a	447902	4312
438.892578125	n/a	449427	1311
439.0	n/a	449537	1312
440.4140625	n/a	450985	4230
441.8935546875	n/a	452500	1311
442.015625	n/a	452625	1312
442.51171875	n/a	453133	1111
443.0224609375	n/a	453656	4210
443.2333984375	n/a	453872	4311
443.2783203125	n/a	453918	1112
445.04296875	n/a	455725	1311
445.14453125	n/a	455829	1312
446.5693359375	n/a	457288	4230
448.7109375	n/a	459481	1111
449.455078125	n/a	460243	4210
449.4765625	n/a	460265	4311
449.5205078125	n/a	460310	1112
450.2138671875	n/a	461020	1311
450.314453125	n/a	461123	1312
452.11328125	n/a	462965	4230
452.7431640625	n/a	463610	1311
452.865234375	n/a	463735	1312
454.8349609375	n/a	465752	1111
455.6337890625	n/a	466570	4311
455.6904296875	n/a	466628	1112
455.7216796875	n/a	466660	4210
458.7578125	n/a	469769	4230
459.9140625	n/a	470953	1311
460.060546875	n/a	471103	1312
460.7802734375	n/a	471840	3200
460.8935546875	n/a	471956	1111
461.3505859375	n/a	472424	2621
461.560546875	n/a	472639	4311
461.6044921875	n/a	472684	1112
462.060546875	n/a	473151	4210
462.65234375	n/a	473757	4312
463.064453125	n/a	474179	1311
463.1689453125	n/a	474286	1312
463.5859375	n/a	474713	4230
466.693359375	n/a	477895	1111
467.4599609375	n/a	478680	4210
467.74609375	n/a	478973	1311
467.8046875	n/a	479033	4311
467.84765625	n/a	479077	1312
467.8818359375	n/a	479112	1112
467.9443359375	n/a	479176	4220
469.6005859375	n/a	480872	2622
471.1845703125	n/a	482494	4210
472.8369140625	n/a	484186	4312
472.84765625	n/a	484197	4230
472.861328125	n/a	484211	1111
473.494140625	n/a	484859	4210
473.89453125	n/a	485269	4311
473.9609375	n/a	485337	1112
474.1435546875	n/a	485524	4220
474.9951171875	n/a	486396	1311
475.1220703125	n/a	486526	1312
476.1513671875	n/a	487580	4210
476.494140625	n/a	487931	1311
476.6181640625	n/a	488058	1312
477.6962890625	n/a	489162	4230
478.833984375	n/a	490327	1121
479.5341796875	n/a	491044	4311
479.5791015625	n/a	491090	1122
481.666015625	n/a	493227	1311
481.787109375	n/a	493351	1312
484.2119140625	n/a	495834	4210
484.2119140625	n/a	495834	4312
486.1943359375	n/a	497864	1311
486.326171875	n/a	497999	1312
487.357421875	n/a	499055	1121
488.1015625	n/a	499817	4311
488.1455078125	n/a	499862	1122
488.2587890625	n/a	499978	4230
490.1806640625	n/a	501946	4210
491.556640625	n/a	503355	4312
491.6669921875	n/a	503468	4220
493.8212890625	n/a	505674	4210
494.234375	n/a	506097	1111
495.0341796875	n/a	506916	4220
495.255859375	n/a	507143	4311
495.322265625	n/a	507211	1112
498.1923828125	n/a	510150	4210
498.5947265625	n/a	510562	1311
498.7421875	n/a	510713	1312
499.2265625	n/a	511209	4312
500.1591796875	n/a	512164	4230
501.1787109375	n/a	513208	3200
501.3037109375	n/a	513336	1121
501.6025390625	n/a	513642	2621
501.849609375	n/a	513895	4311
501.8828125	n/a	513929	1122
502.765625	n/a	514833	1311
502.8955078125	n/a	514966	1312
504.814453125	n/a	516931	1311
504.9443359375	n/a	517064	1312
506.029296875	n/a	518175	4210
506.095703125	n/a	518243	4312
506.96484375	n/a	519133	1111
507.8427734375	n/a	520032	4311
507.8759765625	n/a	520066	4220
507.8984375	n/a	520089	1112
509.853515625	n/a	522091	2622
510.3681640625	n/a	522618	4210
512.0732421875	n/a	524364	4312
515.892578125	n/a	528275	1111
516.8251953125	n/a	529230	4311
516.892578125	n/a	529299	1112
516.96484375	n/a	529373	4220
516.9658203125	n/a	529374	1311
517.099609375	n/a	529511	1312
520.033203125	n/a	532515	4210
521.58984375	n/a	534109	4312
523.203125	n/a	535761	1111
523.98046875	n/a	536557	4311
524.0244140625	n/a	536602	1112
524.1376953125	n/a	536718	4220
526.0439453125	n/a	538670	4210
527.8798828125	n/a	540550	4312
528.361328125	n/a	541043	4230
529.435546875	n/a	542143	1111
529.95703125	n/a	542677	4210
530.2568359375	n/a	542984	4311
530.3134765625	n/a	543042	1112
530.8154296875	n/a	543556	4220
534.4150390625	n/a	547242	4210
534.4150390625	n/a	547242	4312
535.6015625	n/a	548457	1111
536.3681640625	n/a	549242	4220
536.5908203125	n/a	549470	4311
536.6572265625	n/a	549538	1112
539.2265625	n/a	552169	4210
540.630859375	n/a	553607	4230
541.53515625	n/a	554533	3200
541.8544921875	n/a	554860	2621
543.1162109375	n/a	556152	1311
543.248046875	n/a	556287	1312
544.0791015625	n/a	557138	1111
544.94140625	n/a	558021	4210
545.0751953125	n/a	558158	4311
545.140625	n/a	558225	1112
545.4833984375	n/a	558576	4220
548.12109375	n/a	561277	4210
548.9130859375	n/a	562088	4312
549.4970703125	n/a	562686	1311
549.6318359375	n/a	562824	1312
550.10546875	n/a	563309	2622
551.6708984375	n/a	564912	1121
552.115234375	n/a	565367	4230
552.43359375	n/a	565693	4311
552.4775390625	n/a	565738	1122
556.5537109375	n/a	569912	4210
556.8134765625	n/a	570178	4312
563.609375	n/a	577137	1121
564.1875	n/a	577729	4230
564.59765625	n/a	578149	4311
564.6640625	n/a	578217	1122
568.2158203125	n/a	581854	4210
569.3310546875	n/a	582996	4312
570.0556640625	n/a	583738	1121
570.0703125	n/a	583753	1311
570.1767578125	n/a	583862	1312
570.955078125	n/a	584659	4230
571.0107421875	n/a	584716	4311
571.0771484375	n/a	584784	1122
574.3857421875	n/a	588172	4210
574.857421875	n/a	588655	4312
576.3701171875	n/a	590204	1111
577.1474609375	n/a	591000	4311
577.19140625	n/a	591045	1112
577.203125	n/a	591057	4220
578.0673828125	n/a	591942	1311
578.1748046875	n/a	592052	1312
580.169921875	n/a	594095	4210
581.1630859375	n/a	595112	4312
581.955078125	n/a	595923	3200
582.357421875	n/a	596335	2621
583.6826171875	n/a	597692	4230
585.3876953125	n/a	599438	1121
586.27734375	n/a	600349	4311
586.33203125	n/a	600405	1122
589.166015625	n/a	603307	4210
590.607421875	n/a	604783	2622
592.861328125	n/a	607091	1121
593.7275390625	n/a	607978	4230
593.7724609375	n/a	608024	4311
593.828125	n/a	608081	1122
596.6923828125	n/a	611014	4210
597.0732421875	n/a	611404	4312
601.662109375	n/a	616103	1111
602.2392578125	n/a	616694	4220
602.583984375	n/a	617047	4311
602.650390625	n/a	617115	1112
602.751953125	n/a	617219	1311
602.8515625	n/a	617321	1312
606.1220703125	n/a	620670	4210
606.318359375	n/a	620871	1311
606.42578125	n/a	620981	1312
607.0224609375	n/a	621592	4312
609.59375	n/a	624225	1121
610.060546875	n/a	624703	4230
610.482421875	n/a	625135	4311
610.5380859375	n/a	625192	1122
613.5	n/a	628225	4210
614.1396484375	n/a	628880	4312
615.7724609375	n/a	630552	1311
615.8642578125	n/a	630646	1312
618.8359375	n/a	633689	1111
619.892578125	n/a	634771	4311
619.9365234375	n/a	634816	4220
619.96875	n/a	634849	1112
622.201171875	n/a	637135	4210
622.51171875	n/a	637453	3200
622.859375	n/a	637809	2621
623.181640625	n/a	638139	4230
626.5712890625	n/a	641610	1121
627.416015625	n/a	642475	4311
627.4716796875	n/a	642532	1122
629.7041015625	n/a	644818	4210
631.048828125	n/a	646195	1311
631.109375	n/a	646257	2622
631.1884765625	n/a	646338	1312
631.87109375	n/a	647037	4312
640.166015625	n/a	655531	1111
640.84375	n/a	656225	4220
640.91015625	n/a	656293	4311
640.9541015625	n/a	656338	1112
642.966796875	n/a	658399	4210
643.576171875	n/a	659023	4312
645.6025390625	n/a	661098	1311
645.708984375	n/a	661207	1312
647.0712890625	n/a	662602	1121
647.5830078125	n/a	663126	4311
647.6044921875	n/a	663148	1122
647.6865234375	n/a	663232	4230
648.26953125	n/a	663829	1311
648.375	n/a	663937	1312
649.736328125	n/a	665331	4210
651.826171875	n/a	667471	4312
653.6015625	n/a	669289	1121
654.4462890625	n/a	670154	4230
654.5234375	n/a	670233	4311
654.58984375	n/a	670301	1122
655.5712890625	n/a	671306	1311
655.689453125	n/a	671427	1312
656.951171875	n/a	672719	4210
657.623046875	n/a	673407	1311
657.7236328125	n/a	673510	1312
658.6015625	n/a	674409	4312
659.6904296875	n/a	675524	1121
660.533203125	n/a	676387	4311
660.5556640625	n/a	676410	4230
660.5888671875	n/a	676444	1122
662.650390625	n/a	678555	4210
662.87109375	n/a	678781	1311
663.0078125	n/a	678921	1312
663.41015625	n/a	679333	3200
663.861328125	n/a	679795	2621
664.3564453125	n/a	680302	4312
665.607421875	n/a	681583	1111
666.3408203125	n/a	682334	4220
666.5078125	n/a	682505	4311
666.5625	n/a	682561	1112
668.5849609375	n/a	684632	4210
669.6044921875	n/a	685676	4230
670.2236328125	n/a	686310	1311
670.3701171875	n/a	686460	1312
671.4375	n/a	687553	1111
672.3623046875	n/a	688500	2622
672.365234375	n/a	688503	4210
672.451171875	n/a	688591	1311
672.4765625	n/a	688617	4311
672.54296875	n/a	688685	1112
672.5810546875	n/a	688724	1312
672.8447265625	n/a	688994	4220
674.0009765625	n/a	690178	1311
674.134765625	n/a	690315	1312
674.4951171875	n/a	690684	4210
675.775390625	n/a	691995	4230
677.310546875	n/a	693567	1121
678.1982421875	n/a	694476	4311
678.2646484375	n/a	694544	1122
678.771484375	n/a	695063	1311
678.9130859375	n/a	695208	1312
681.0361328125	n/a	697382	4210
682.74609375	n/a	699133	4220
683.5751953125	n/a	699982	4210
684.615234375	n/a	701047	4312
685.9345703125	n/a	702398	1111
686.900390625	n/a	703387	4220
686.912109375	n/a	703399	4311
686.9775390625	n/a	703466	1112
689.5703125	n/a	706121	4210
690.919921875	n/a	707503	4312
691.201171875	n/a	707791	1311
691.3251953125	n/a	707918	1312
692.720703125	n/a	709347	1311
692.81640625	n/a	709445	1312
693.759765625	n/a	710411	1111
694.44921875	n/a	711117	4311
694.4931640625	n/a	711162	1112
694.8955078125	n/a	711574	4220
695.67578125	n/a	712373	4210
697.2451171875	n/a	713980	4230
699.5888671875	n/a	716380	1111
700.2431640625	n/a	717050	4210
700.5107421875	n/a	717324	4311
700.576171875	n/a	717391	1112
700.80859375	n/a	717629	4220
702.458984375	n/a	719319	4210
703.4384765625	n/a	720322	4230
704.896484375	n/a	721815	3200
705.3642578125	n/a	722294	2621
705.5546875	n/a	722489	1111
706.4326171875	n/a	723388	4311
706.48828125	n/a	723445	1112
706.5498046875	n/a	723508	4210
707.0224609375	n/a	723992	1311
707.162109375	n/a	724135	1312
708.5205078125	n/a	725526	4230
712.6220703125	n/a	729726	1311
712.7236328125	n/a	729830	1312
713.6142578125	n/a	730742	2622
714.3671875	n/a	731513	1111
714.8017578125	n/a	731958	1311
714.9423828125	n/a	732102	1312
714.9892578125	n/a	732150	4210
715.08984375	n/a	732253	4311
715.134765625	n/a	732299	1112
715.896484375	n/a	733079	4220
716.7763671875	n/a	733980	4210
719.0751953125	n/a	736334	4312
722.1376953125	n/a	739470	1121
722.9599609375	n/a	740312	4311
723.0146484375	n/a	740368	1122
723.0771484375	n/a	740432	4230
726.1171875	n/a	743545	4210
726.49609375	n/a	743933	4312
727.802734375	n/a	745271	1311
727.9208984375	n/a	745392	1312
728.3193359375	n/a	745800	1111
728.9228515625	n/a	746418	1311
729.0302734375	n/a	746528	1312
729.2412109375	n/a	746744	4220
729.2412109375	n/a	746744	4311
729.30859375	n/a	746813	1112
731.5	n/a	749057	4210
732.4599609375	n/a	750040	4312
733.12890625	n/a	750725	4230
734.513671875	n/a	752143	1111
735.2470703125	n/a	752894	4210
735.55859375	n/a	753213	4311
735.625	n/a	753281	1112
735.798828125	n/a	753459	4220
736.8525390625	n/a	754538	1311
736.9921875	n/a	754681	1312
738.1787109375	n/a	755896	4210
739.458984375	n/a	757207	4312
740.7255859375	n/a	758504	1121
740.814453125	n/a	758595	4230
741.103515625	n/a	758891	4311
741.115234375	n/a	758903	1122
744.3173828125	n/a	762182	4210
745.9365234375	n/a	763840	4312
746.40625	n/a	764321	3200
746.8662109375	n/a	764792	2621
746.966796875	n/a	764895	4230
748.75390625	n/a	766725	1311
748.8603515625	n/a	766834	1312
749.109375	n/a	767089	1111
749.53125	n/a	767521	4210
749.931640625	n/a	767931	4311
749.9853515625	n/a	767986	1112
750.4873046875	n/a	768500	4220
750.953125	n/a	768977	1311
751.0859375	n/a	769113	1312
751.8974609375	n/a	769944	4210
752.5771484375	n/a	770640	4312
755.1162109375	n/a	773240	2622
755.5322265625	n/a	773666	4230
756.30078125	n/a	774453	1121
757.22265625	n/a	775397	4311
757.2900390625	n/a	775466	1122
759.8271484375	n/a	778064	1311
759.9189453125	n/a	778158	1312
760.4111328125	n/a	778662	4210
761.6923828125	n/a	779974	4312
763.107421875	n/a	781423	4220
763.5	n/a	781825	1111
764.322265625	n/a	782667	4311
764.376953125	n/a	782723	1112
768.330078125	n/a	786771	4210
769.6884765625	n/a	788162	1121
770.2666015625	n/a	788754	4230
770.4326171875	n/a	788924	4311
770.4775390625	n/a	788970	1122
776.689453125	n/a	795331	4210
777.9033203125	n/a	796574	1111
778.7470703125	n/a	797438	4311
778.8017578125	n/a	797494	1112
778.8251953125	n/a	797518	4220
780.884765625	n/a	799627	4210
782.4150390625	n/a	801194	4230
785.3408203125	n/a	804190	1121
786.2744140625	n/a	805146	4311
786.341796875	n/a	805215	1122
787.931640625	n/a	806843	3200
788.3681640625	n/a	807290	2621
788.8515625	n/a	807785	4210
789.9912109375	n/a	808952	4220
791.978515625	n/a	810987	1111
792.8564453125	n/a	811886	4311
792.912109375	n/a	811943	1112
795.9140625	n/a	815017	4210
796.619140625	n/a	815739	2622
797.533203125	n/a	816675	4312
800.6630859375	n/a	819880	1121
801.140625	n/a	820369	4230
801.640625	n/a	820881	4311
801.70703125	n/a	820949	1122
804.337890625	n/a	823643	4210
805.2880859375	n/a	824616	4312
805.4580078125	n/a	824790	4220
808.5712890625	n/a	827978	1121
808.9716796875	n/a	828388	4210
809.42578125	n/a	828853	4311
809.4814453125	n/a	828910	1122
809.7236328125	n/a	829158	4230
811.3623046875	n/a	830836	4210
812.623046875	n/a	832127	4312
813.3056640625	n/a	832826	1311
813.4130859375	n/a	832936	1312
815.4580078125	n/a	835030	1111
816.2216796875	n/a	835812	4220
816.3017578125	n/a	835894	4311
816.3583984375	n/a	835952	1112
819.330078125	n/a	838995	4210
819.7900390625	n/a	839466	4312
824.46875	n/a	844257	1111
825.3017578125	n/a	845110	4311
825.357421875	n/a	845167	1112
825.599609375	n/a	845415	4220
827.55859375	n/a	847421	4210
828.0556640625	n/a	847930	1311
828.1513671875	n/a	848028	1312
828.71875	n/a	848609	3200
828.8388671875	n/a	848732	4312
829.12109375	n/a	849021	2621
831.7685546875	n/a	851732	1111
832.8466796875	n/a	852836	4311
832.857421875	n/a	852847	4220
832.9248046875	n/a	852916	1112
835.515625	n/a	855569	4210
836.2744140625	n/a	856346	4312
837.12109375	n/a	857213	2622
837.357421875	n/a	857455	4230
838.4482421875	n/a	858572	1121
839.5703125	n/a	859721	4311
839.6484375	n/a	859801	1122
840.27734375	n/a	860445	1311
840.376953125	n/a	860547	1312
843.8310546875	n/a	864084	4210
844.576171875	n/a	864847	4312
845.0673828125	n/a	865350	1111
845.5234375	n/a	865817	4311
845.5458984375	n/a	865840	1112
847.8779296875	n/a	868228	4312
848.6298828125	n/a	868998	1311
848.7216796875	n/a	869092	1312
848.95703125	n/a	869333	4230
853.0654296875	n/a	873540	1121
854.12890625	n/a	874629	4311
854.20703125	n/a	874709	1122
856.8291015625	n/a	877394	4210
859.92578125	n/a	880565	4312
860.0498046875	n/a	880692	1121
860.66015625	n/a	881317	4230
861.02734375	n/a	881693	4311
861.09375	n/a	881761	1122
861.8798828125	n/a	882566	1311
862.01953125	n/a	882709	1312
864.1162109375	n/a	884856	4210
864.9365234375	n/a	885696	4230
868.951171875	n/a	889807	3200
869.23046875	n/a	890093	4210
869.373046875	n/a	890239	2621
869.8408203125	n/a	890718	4312
870.177734375	n/a	891063	1311
870.32421875	n/a	891213	1312
871.2109375	n/a	892121	1311
871.337890625	n/a	892251	1312
872.4482421875	n/a	893388	1121
872.6259765625	n/a	893570	4311
872.6259765625	n/a	893570	1122
873.4677734375	n/a	894432	4312
877.623046875	n/a	898687	2622
878.13671875	n/a	899213	1111
879.0693359375	n/a	900168	4311
879.11328125	n/a	900213	4220
879.13671875	n/a	900237	1112
881.828125	n/a	902993	4210
883.1796875	n/a	904377	4312
884.259765625	n/a	905483	4230
887.5478515625	n/a	908850	1111
888.2138671875	n/a	909532	4210
888.6142578125	n/a	909942	4311
888.6923828125	n/a	910022	1112
888.7138671875	n/a	910044	4220
891.1240234375	n/a	912512	4210
892.29296875	n/a	913709	4312
895.4384765625	n/a	916930	1121
896.2275390625	n/a	917738	4230
896.560546875	n/a	918079	4311
896.638671875	n/a	918159	1122
899.4091796875	n/a	920996	4210
900.009765625	n/a	921611	4312
903.8291015625	n/a	925522	1311
903.9677734375	n/a	925664	1312
904.70703125	n/a	926421	1111
905.2509765625	n/a	926978	4311
905.28515625	n/a	927013	1112
906.0283203125	n/a	927774	1311
906.1640625	n/a	927913	1312
906.7958984375	n/a	928560	4230
909.826171875	n/a	931663	3200
910.125	n/a	931969	2621
911.673828125	n/a	933555	1111
912.44140625	n/a	934341	4210
912.5966796875	n/a	934500	4311
912.6630859375	n/a	934568	1112
913.0048828125	n/a	934918	4220
914.275390625	n/a	936219	4210
915.2548828125	n/a	937222	4230
918.3759765625	n/a	940418	2622
919.5595703125	n/a	941630	1311
919.6640625	n/a	941737	1312
920.6787109375	n/a	942776	1311
920.7861328125	n/a	942886	1312
921.169921875	n/a	943279	1111
921.8359375	n/a	943961	4210
922.0029296875	n/a	944132	4311
922.0576171875	n/a	944188	1112
922.5498046875	n/a	944692	4220
923.599609375	n/a	945767	4210
925.0400390625	n/a	947242	4312
925.58984375	n/a	947805	4230
928.89453125	n/a	951189	1111
929.3388671875	n/a	951644	4210
929.8505859375	n/a	952168	4311
929.916015625	n/a	952235	1112
930.109375	n/a	952433	4220
932.8701171875	n/a	955260	4210
934.4697265625	n/a	956898	4312
935.859375	n/a	958321	1121
936.2041015625	n/a	958674	4230
936.7373046875	n/a	959220	4311
936.79296875	n/a	959277	1122
940.03515625	n/a	962597	4210
940.39453125	n/a	962965	4312
943.74609375	n/a	966397	1111
944.6240234375	n/a	967296	4220
944.8134765625	n/a	967490	4311
944.8896484375	n/a	967568	1112
947.4521484375	n/a	970192	4210
948.2822265625	n/a	971042	4230
951.134765625	n/a	973963	3200
951.626953125	n/a	974467	2621
955.2900390625	n/a	978218	1111
955.7900390625	n/a	978730	4210
956.201171875	n/a	979151	4311
956.2578125	n/a	979209	1112
956.4599609375	n/a	979416	4220
958.46875	n/a	981473	4210
959.869140625	n/a	982907	4230
959.8779296875	n/a	982916	2622
961.2958984375	n/a	984368	1121
962.1943359375	n/a	985288	4311
962.2490234375	n/a	985344	1122
967.0361328125	n/a	990246	4210
967.0361328125	n/a	990246	4312
967.171875	n/a	990385	1121
967.41015625	n/a	990629	1311
967.482421875	n/a	990703	4230
967.5439453125	n/a	990766	1312
968.0693359375	n/a	991304	4311
968.125	n/a	991361	1122
970.56640625	n/a	993861	4210
972.3369140625	n/a	995674	4312
973.73828125	n/a	997109	1121
974.515625	n/a	997905	4230
974.59375	n/a	997985	4311
974.6494140625	n/a	998042	1122
978.8798828125	n/a	1002374	1311
979.009765625	n/a	1002507	1312
979.3115234375	n/a	1002816	4210
980.41015625	n/a	1003941	1311
980.51171875	n/a	1004045	1312
980.6015625	n/a	1004137	4312
982.3779296875	n/a	1005956	1121
982.9892578125	n/a	1006582	4230
983.189453125	n/a	1006787	4311
983.244140625	n/a	1006843	1122
985.716796875	n/a	1009375	4210
987.216796875	n/a	1010911	4312
989.2841796875	n/a	1013028	1111
990.0791015625	n/a	1013842	4311
990.119140625	n/a	1013883	4220
990.1298828125	n/a	1013894	1112
992.3193359375	n/a	1016136	3200
992.41015625	n/a	1016229	4210
992.6298828125	n/a	1016454	2621
993.16015625	n/a	1016997	4312
996.05859375	n/a	1019965	1121
996.359375	n/a	1020273	4230
996.9140625	n/a	1020841	4311
996.9697265625	n/a	1020898	1122
1000.8798828125	n/a	1024902	2622
1001.6337890625	n/a	1025674	4210
1001.6337890625	n/a	1025674	4312
1002.0029296875	n/a	1026052	1111
1002.78125	n/a	1026849	4311
1002.8251953125	n/a	1026894	1112
1003.0673828125	n/a	1027142	4220
1004.4873046875	n/a	1028596	4210
1005.9169921875	n/a	1030060	4230
1007.0048828125	n/a	1031174	4210
1007.751953125	n/a	1031939	1111
1008.8173828125	n/a	1033030	4311
1008.828125	n/a	1033041	4220
1008.8955078125	n/a	1033110	1112
1011.0869140625	n/a	1035354	4210
1012.087890625	n/a	1036379	4230
1015.431640625	n/a	1039803	1311
1015.5595703125	n/a	1039934	1312
1016.7568359375	n/a	1041160	1111
1017.6572265625	n/a	1042082	4210
1017.701171875	n/a	1042127	4311
1017.7685546875	n/a	1042196	1112
1018.2626953125	n/a	1042702	4220
1019.09375	n/a	1043553	4210
1020.0546875	n/a	1044537	4230
1020.76171875	n/a	1045261	1311
1020.865234375	n/a	1045367	1312
1023.8818359375	n/a	1048456	1311
1023.9130859375	n/a	1048488	1111
1023.9892578125	n/a	1048566	1312
1024.8369140625	n/a	1049434	4210
1024.9580078125	n/a	1049558	4311
1025.025390625	n/a	1049627	1112
1025.2275390625	n/a	1049834	4220
1027.517578125	n/a	1052179	4210
1029.1767578125	n/a	1053878	4312
1029.70703125	n/a	1054421	4230
1031.068359375	n/a	1055815	1111
1031.646484375	n/a	1056407	4210
1032.0908203125	n/a	1056862	4311
1032.158203125	n/a	1056931	1112
1032.259765625	n/a	1057035	4220
1033.6103515625	n/a	1058418	3200
1034.1318359375	n/a	1058952	2621
1034.439453125	n/a	1059267	4210
1035.73046875	n/a	1060589	4230
1037.3251953125	n/a	1062222	1121
1038.0595703125	n/a	1062974	4311
1038.103515625	n/a	1063019	1122
1040.01171875	n/a	1064973	1311
1040.1220703125	n/a	1065086	1312
1041.6748046875	n/a	1066676	4210
1042.0244140625	n/a	1067034	4312
1042.1328125	n/a	1067145	2622
1042.533203125	n/a	1067555	1311
1042.6572265625	n/a	1067682	1312
1043.0830078125	n/a	1068118	1311
1043.1455078125	n/a	1068182	1111
1043.2197265625	n/a	1068258	1312
1043.912109375	n/a	1068967	4311
1043.9560546875	n/a	1069012	1112
1043.98828125	n/a	1069045	4220
1045.7138671875	n/a	1070812	1311
1045.849609375	n/a	1070951	1312
1047.0830078125	n/a	1072214	4210
1047.9931640625	n/a	1073146	4312
1051.9150390625	n/a	1077162	1121
1052.6015625	n/a	1077865	4230
1052.9130859375	n/a	1078184	4311
1052.9794921875	n/a	1078252	1122
1055.0712890625	n/a	1080394	4210
1055.9208984375	n/a	1081264	4312
1056.53125	n/a	1081889	4220
1057.021484375	n/a	1082391	4210
1058.818359375	n/a	1084231	4230
1059.015625	n/a	1084433	1311
1059.1474609375	n/a	1084568	1312
1059.2314453125	n/a	1084654	1121
1059.3876953125	n/a	1084814	4311
1059.3876953125	n/a	1084814	1122
1061.982421875	n/a	1087471	4210
1062.5634765625	n/a	1088066	1311
1062.70703125	n/a	1088213	1312
1062.8017578125	n/a	1088310	4230
1064.6328125	n/a	1090185	1311
1064.7431640625	n/a	1090298	1312
1064.7470703125	n/a	1090302	1111
1064.9248046875	n/a	1090484	4210
1065.5576171875	n/a	1091132	4311
1065.61328125	n/a	1091189	1112
1065.845703125	n/a	1091427	4220
1067.275390625	n/a	1092891	4210
1068.255859375	n/a	1093895	4230
1070.8525390625	n/a	1096554	1111
1071.4140625	n/a	1097129	1311
1071.5419921875	n/a	1097260	1312
1071.5859375	n/a	1097305	4210
1071.7412109375	n/a	1097464	4311
1071.796875	n/a	1097521	1112
1072.298828125	n/a	1098035	4220
1073.3095703125	n/a	1099070	4210
1073.859375	n/a	1099633	3200
1074.3837890625	n/a	1100170	2621
1075.1787109375	n/a	1100984	4230
1075.46484375	n/a	1101277	1311
1075.591796875	n/a	1101407	1312
1076.9296875	n/a	1102777	1111
1077.6845703125	n/a	1103550	4210
1077.962890625	n/a	1103835	4311
1078.029296875	n/a	1103903	1112
1078.1611328125	n/a	1104038	4220
1078.18359375	n/a	1104061	1311
1078.287109375	n/a	1104167	1312
1078.68359375	n/a	1104573	1311
1078.787109375	n/a	1104679	1312
1079.7724609375	n/a	1105688	4210
1080.59375	n/a	1106529	4230
1082.134765625	n/a	1108107	2622
1084.6845703125	n/a	1110718	1311
1084.80859375	n/a	1110845	1312
1086.0654296875	n/a	1112132	1121
1086.8427734375	n/a	1112928	4311
1086.8876953125	n/a	1112974	1122
1088.3837890625	n/a	1114506	1311
1088.5146484375	n/a	1114640	1312
1088.728515625	n/a	1114859	4210
1089.109375	n/a	1115249	4312
1093.244140625	n/a	1119483	1111
1093.93359375	n/a	1120189	4220
1094.244140625	n/a	1120507	4311
1094.310546875	n/a	1120575	1112
1096.6142578125	n/a	1122934	1311
1096.7509765625	n/a	1123074	1312
1096.962890625	n/a	1123291	4210
1100.2509765625	n/a	1126658	4230
1103.2158203125	n/a	1129694	1311
1103.3427734375	n/a	1129824	1312
1108.419921875	n/a	1135023	4210
1108.6396484375	n/a	1135248	4312
1110.3349609375	n/a	1136984	1311
1110.478515625	n/a	1137131	1312
1111.8349609375	n/a	1138520	1311
1111.96484375	n/a	1138653	1312
1113.92578125	n/a	1140661	4230
1113.9482421875	n/a	1140684	3200
1114.38671875	n/a	1141133	2621
1114.7998046875	n/a	1141556	1121
1115.6982421875	n/a	1142476	4311
1115.7548828125	n/a	1142534	1122
1116.0849609375	n/a	1142872	1311
1116.1826171875	n/a	1142972	1312
1116.5849609375	n/a	1143384	1311
1116.716796875	n/a	1143519	1312
1117.88671875	n/a	1144717	4210
1118.5849609375	n/a	1145432	1311
1118.6865234375	n/a	1145536	1312
1118.9453125	n/a	1145801	4220
1120.88671875	n/a	1147789	4210
1121.640625	n/a	1148561	4312
1122.33203125	n/a	1149269	1121
1122.63671875	n/a	1149581	2622
1122.853515625	n/a	1149803	4311
1122.8876953125	n/a	1149838	1122
1124.87890625	n/a	1151877	4312
1127.4189453125	n/a	1154478	4230
1128.3662109375	n/a	1155448	1311
1128.5126953125	n/a	1155598	1312
1128.578125	n/a	1155665	1121
1129.623046875	n/a	1156735	4311
1129.689453125	n/a	1156803	1122
1130.51953125	n/a	1157653	1311
1130.619140625	n/a	1157755	1312
1135.2607421875	n/a	1162508	1111
1135.771484375	n/a	1163031	4210
1136.0166015625	n/a	1163282	4311
1136.060546875	n/a	1163327	1112
1136.6728515625	n/a	1163954	4220
1137.5927734375	n/a	1164896	4210
1139.671875	n/a	1167025	4312
1139.771484375	n/a	1167127	4230
1140.2158203125	n/a	1167582	1311
1140.3623046875	n/a	1167732	1312
1141.51171875	n/a	1168909	4210
1143.7451171875	n/a	1171196	1111
1144.7109375	n/a	1172185	4311
1144.7783203125	n/a	1172254	1112
1144.8203125	n/a	1172297	4220
1146.880859375	n/a	1174407	4210
1148.390625	n/a	1175953	4312
1149.5205078125	n/a	1177110	4230
1152.4658203125	n/a	1180126	4210
1154.8046875	n/a	1182521	3200
1155.138671875	n/a	1182863	2621
1159.6826171875	n/a	1187516	1111
1160.775390625	n/a	1188635	4220
1160.8642578125	n/a	1188726	4311
1160.9423828125	n/a	1188806	1112
1162.38671875	n/a	1190285	1311
1162.5263671875	n/a	1190428	1312
1163.388671875	n/a	1191311	2622
1163.5146484375	n/a	1191440	4210
1164.4755859375	n/a	1192424	4312
1164.7255859375	n/a	1192680	4230
1167.6572265625	n/a	1195682	4210
1168.1923828125	n/a	1196230	1121
1168.625	n/a	1196673	4230
1169.00390625	n/a	1197061	4311
1169.05859375	n/a	1197117	1122
1171.5517578125	n/a	1199670	4210
1172.1630859375	n/a	1200296	4312
1179.7666015625	n/a	1208082	1311
1179.876953125	n/a	1208195	1312
1183.0673828125	n/a	1211462	1121
1183.1669921875	n/a	1211564	4311
1183.1669921875	n/a	1211564	1122
1183.6494140625	n/a	1212058	4312
1189.9501953125	n/a	1218510	1121
1190.0673828125	n/a	1218630	1311
1190.1708984375	n/a	1218736	1312
1190.4501953125	n/a	1219022	4311
1190.47265625	n/a	1219045	1122
1191.4345703125	n/a	1220030	4312
1194.1376953125	n/a	1222798	1311
1194.26171875	n/a	1222925	1312
1194.6376953125	n/a	1223310	1311
1194.771484375	n/a	1223447	1312
1195.1376953125	n/a	1223822	1311
1195.271484375	n/a	1223959	1312
1195.5537109375	n/a	1224248	3200
1196.140625	n/a	1224849	2621
1197.1455078125	n/a	1225878	1121
1197.9345703125	n/a	1226686	4311
1197.990234375	n/a	1226743	1122
1198.1123046875	n/a	1226868	4230
1200.3134765625	n/a	1229122	4210
1200.853515625	n/a	1229675	4312
1204.3916015625	n/a	1233298	2622
1205.98828125	n/a	1234933	1111
1206.1884765625	n/a	1235138	4311
1206.1884765625	n/a	1235138	1112
1206.66015625	n/a	1235621	4312
1207.0380859375	n/a	1236008	1311
1207.162109375	n/a	1236135	1312
1208.5380859375	n/a	1237544	1311
1208.671875	n/a	1237681	1312
1213.3095703125	n/a	1242430	1121
1214.17578125	n/a	1243317	4230
1214.25390625	n/a	1243397	4311
1214.3212890625	n/a	1243466	1122
1216.931640625	n/a	1246139	4210
1218.4423828125	n/a	1247686	4220
1219.8916015625	n/a	1249170	1311
1220.0126953125	n/a	1249294	1312
1221.22265625	n/a	1250533	4210
1222.1025390625	n/a	1251434	4312
1224.3525390625	n/a	1253738	4230
1226.091796875	n/a	1255519	4210
1232.642578125	n/a	1262227	1311
1232.736328125	n/a	1262323	1312
1235.513671875	n/a	1265167	1111
1235.9033203125	n/a	1265566	4311
1235.9248046875	n/a	1265588	1112
1236.20703125	n/a	1265877	4312
1236.626953125	n/a	1266307	3200
1237.1435546875	n/a	1266836	2621
1238.8388671875	n/a	1268572	1311
1238.966796875	n/a	1268703	1312
1241.9384765625	n/a	1271746	1311
1242.0400390625	n/a	1271850	1312
1242.4765625	n/a	1272297	1111
1242.8876953125	n/a	1272718	4311
1242.9091796875	n/a	1272740	1112
1243.361328125	n/a	1273203	4312
1245.3935546875	n/a	1275284	2622
1248.5390625	n/a	1278505	1311
1248.6494140625	n/a	1278618	1312
1251.1220703125	n/a	1281150	1311
1251.25390625	n/a	1281285	1312
1253.12109375	n/a	1283197	1311
1253.22265625	n/a	1283301	1312
1255.1201171875	n/a	1285244	1311
1255.224609375	n/a	1285351	1312
1256.3349609375	n/a	1286488	1121
1256.9228515625	n/a	1287090	4311
1256.95703125	n/a	1287125	1122
1257.291015625	n/a	1287467	4230
1258.53515625	n/a	1288741	4210
1259.291015625	n/a	1289515	1311
1259.41796875	n/a	1289645	1312
1259.8095703125	n/a	1290046	4312
1267.8701171875	n/a	1298300	1311
1268.0	n/a	1298433	1312
1268.3916015625	n/a	1298834	1111
1268.4248046875	n/a	1298868	1112
1273.98828125	n/a	1304565	1121
1274.021484375	n/a	1304599	1122
1276.0712890625	n/a	1306698	1311
1276.17578125	n/a	1306805	1312
1277.1416015625	n/a	1307794	3200
1277.6455078125	n/a	1308310	2621
1278.8876953125	n/a	1309582	4230
1279.5712890625	n/a	1310282	1311
1279.6982421875	n/a	1310412	1312
1280.2412109375	n/a	1310968	1111
1280.673828125	n/a	1311411	1311
1280.708984375	n/a	1311447	4311
1280.73046875	n/a	1311469	1112
1280.80078125	n/a	1311541	1312
1282.6904296875	n/a	1313476	1311
1282.837890625	n/a	1313627	1312
1283.1904296875	n/a	1313988	1311
1283.3369140625	n/a	1314138	1312
1284.5546875	n/a	1315385	4210
1285.02734375	n/a	1315869	4312
1285.6455078125	n/a	1316502	2622
1285.7412109375	n/a	1316600	1311
1285.884765625	n/a	1316747	1312
1288.291015625	n/a	1319211	1311
1288.427734375	n/a	1319351	1312
1288.791015625	n/a	1319723	1311
1288.927734375	n/a	1319863	1312
1291.24609375	n/a	1322237	1111
1291.712890625	n/a	1322715	4311
1291.7353515625	n/a	1322738	1112
1292.02734375	n/a	1323037	4312
1295.119140625	n/a	1326203	4230
1297.623046875	n/a	1328767	1111
1298.1796875	n/a	1329337	4210
1298.6689453125	n/a	1329838	4311
1298.734375	n/a	1329905	1112
1298.8466796875	n/a	1330020	4220
1301.134765625	n/a	1332363	4210
1301.8271484375	n/a	1333072	4312
1303.7255859375	n/a	1335016	1111
1303.759765625	n/a	1335051	1112
1308.6240234375	n/a	1340032	1110
1309.576171875	n/a	1341007	4230
1310.0986328125	n/a	1341542	4210
1311.3916015625	n/a	1342866	1311
1311.5009765625	n/a	1342978	1312
1314.173828125	n/a	1345715	1111
1314.3623046875	n/a	1345908	4311
1314.3623046875	n/a	1345908	1112
1315.0244140625	n/a	1346586	4230
1317.521484375	n/a	1349143	1311
1317.619140625	n/a	1349243	1312
1318.0732421875	n/a	1349708	3200
1318.3974609375	n/a	1350040	2621
1321.1220703125	n/a	1352830	1311
1321.2294921875	n/a	1352940	1312
1322.3232421875	n/a	1354060	4210
1322.8046875	n/a	1354553	4312
1323.095703125	n/a	1354851	4230
1323.62109375	n/a	1355389	1311
1323.7490234375	n/a	1355520	1312
1325.111328125	n/a	1356915	4210
1325.875	n/a	1357697	1121
1326.279296875	n/a	1358111	4311
1326.30078125	n/a	1358133	1122
1326.3125	n/a	1358145	4230
1326.6484375	n/a	1358489	2622
1327.7451171875	n/a	1359612	1311
1327.873046875	n/a	1359743	1312
1328.3193359375	n/a	1360200	4210
1328.349609375	n/a	1360231	4312
1332.298828125	n/a	1364275	1111
1333.2548828125	n/a	1365254	4220
1333.6650390625	n/a	1365674	4311
1333.765625	n/a	1365777	1112
1337.486328125	n/a	1369587	4210
1338.5908203125	n/a	1370718	4312
1339.6201171875	n/a	1371772	4230
1344.4697265625	n/a	1376738	4210
1346.6923828125	n/a	1379014	1311
1346.7880859375	n/a	1379112	1312
1346.841796875	n/a	1379167	1121
1347.6767578125	n/a	1380022	4230
1347.7529296875	n/a	1380100	4311
1347.8095703125	n/a	1380158	1122
1350.298828125	n/a	1382707	4210
1350.7802734375	n/a	1383200	4312
1352.845703125	n/a	1385315	1311
1352.986328125	n/a	1385459	1312
1358.771484375	n/a	1391383	3200
1359.150390625	n/a	1391771	2621
1361.701171875	n/a	1394383	4230
1365.4931640625	n/a	1398266	4210
1366.3955078125	n/a	1399190	1121
1366.740234375	n/a	1399543	4230
1366.9619140625	n/a	1399770	4311
1366.9951171875	n/a	1399804	1122
1367.150390625	n/a	1399963	2622
1368.2431640625	n/a	1401082	1311
1368.38671875	n/a	1401229	1312
1369.4365234375	n/a	1402304	4210
1370.349609375	n/a	1403239	4312
1370.7802734375	n/a	1403680	4230
1372.2939453125	n/a	1405230	1311
1372.4267578125	n/a	1405366	1312
1372.990234375	n/a	1405943	1111
1373.5361328125	n/a	1406502	4210
1373.8251953125	n/a	1406798	4311
1373.8798828125	n/a	1406854	1112
1374.361328125	n/a	1407347	4220
1375.8369140625	n/a	1408858	4210
1377.4033203125	n/a	1410462	4312
1377.5029296875	n/a	1410564	4230
1378.91015625	n/a	1412005	1111
1378.9765625	n/a	1412073	1112
1386.9580078125	n/a	1420246	1111
1387.7138671875	n/a	1421020	4210
1387.9697265625	n/a	1421282	4311
1388.0361328125	n/a	1421350	1112
1388.2880859375	n/a	1421608	4220
1390.2734375	n/a	1423641	4210
1391.015625	n/a	1424401	4312
1392.7919921875	n/a	1426220	4230
1395.1435546875	n/a	1428628	1121
1395.3544921875	n/a	1428844	4311
1395.3544921875	n/a	1428844	1122
1395.423828125	n/a	1428915	1311
1395.52734375	n/a	1429021	1312
1398.544921875	n/a	1432111	3200
1398.90234375	n/a	1432477	2621
1400.7666015625	n/a	1434386	1121
1401.83203125	n/a	1435477	4311
1401.91015625	n/a	1435557	1122
1404.1982421875	n/a	1437900	1311
1404.2900390625	n/a	1437994	1312
1404.7255859375	n/a	1438440	1311
1404.849609375	n/a	1438567	1312
1407.15234375	n/a	1440925	2622
1407.2490234375	n/a	1441024	1121
1408.1708984375	n/a	1441968	4311
1408.236328125	n/a	1442035	1122
1410.8251953125	n/a	1444686	4210
1412.380859375	n/a	1446279	4220
1414.9755859375	n/a	1448936	1311
1415.1220703125	n/a	1449086	1312
1415.3037109375	n/a	1449272	4210
1415.50390625	n/a	1449477	4312
1419.14453125	n/a	1453205	1311
1419.2724609375	n/a	1453336	1312
1419.4384765625	n/a	1453506	4230
1423.005859375	n/a	1457159	1121
1423.205078125	n/a	1457363	4311
1423.205078125	n/a	1457363	1122
1429.876953125	n/a	1464195	4210
1430.16796875	n/a	1464493	4312
1430.94921875	n/a	1465293	1311
1431.041015625	n/a	1465387	1312
1434.595703125	n/a	1469027	1311
1434.7197265625	n/a	1469154	1312
1437.9794921875	n/a	1472492	3200
1438.404296875	n/a	1472927	2621
1439.7001953125	n/a	1474254	4230
1440.5146484375	n/a	1475088	1121
1440.7265625	n/a	1475305	4311
1440.7265625	n/a	1475305	1122
1446.154296875	n/a	1480863	2622
1446.814453125	n/a	1481539	1121
1447.1484375	n/a	1481881	4311
1447.16015625	n/a	1481893	1122
1453.14453125	n/a	1488021	1111
1453.77734375	n/a	1488669	4210
1454.1552734375	n/a	1489056	4311
1454.220703125	n/a	1489123	1112
1454.2939453125	n/a	1489198	4220
1457.1611328125	n/a	1492134	4210
1458.28515625	n/a	1493285	4312
1460.0107421875	n/a	1495052	4230
1462.3134765625	n/a	1497410	1111
1462.580078125	n/a	1497683	4210
1463.2353515625	n/a	1498354	4311
1463.3017578125	n/a	1498422	1112
1463.39453125	n/a	1498517	4220
1465.724609375	n/a	1500903	4210
1466.607421875	n/a	1501807	4312
1469.126953125	n/a	1504387	1311
1469.2275390625	n/a	1504490	1312
1470.013671875	n/a	1505295	4230
1471.697265625	n/a	1507019	1311
1471.8212890625	n/a	1507146	1312
1472.662109375	n/a	1508007	4210
1473.6162109375	n/a	1508984	4230
1474.77734375	n/a	1510173	1311
1474.884765625	n/a	1510283	1312
1479.6904296875	n/a	1515204	3200
1480.15625	n/a	1515681	2621
1488.9072265625	n/a	1524642	2622
1490.626953125	n/a	1526403	1311
1490.705078125	n/a	1526483	4210
1490.7373046875	n/a	1526516	1312
1491.4033203125	n/a	1527198	4230
1497.669921875	n/a	1533615	1121
1498.5224609375	n/a	1534488	4311
1498.5771484375	n/a	1534544	1122
1502.3427734375	n/a	1538400	4210
1503.1923828125	n/a	1539270	4312
1504.0283203125	n/a	1540126	1311
1504.1650390625	n/a	1540266	1312
1506.7236328125	n/a	1542886	4230
1508.75	n/a	1544961	4210
1509.40234375	n/a	1545629	4230
1512.935546875	n/a	1549247	1111
1513.1904296875	n/a	1549508	4311
1513.201171875	n/a	1549519	1112
1520.9580078125	n/a	1557462	1121
1521.869140625	n/a	1558395	4311
1521.9248046875	n/a	1558452	1122
1524.1484375	n/a	1560729	1311
1524.2822265625	n/a	1560866	1312
1524.876953125	n/a	1561475	3200
1525.4091796875	n/a	1562020	2621
1525.4091796875	n/a	1562020	4210
1525.46875	n/a	1562081	4312
1531.755859375	n/a	1568519	4230
1532.8486328125	n/a	1569638	1311
1532.9921875	n/a	1569785	1312
1533.9111328125	n/a	1570726	1121
1534.6591796875	n/a	1571492	2622
1534.91015625	n/a	1571749	4311
1534.9775390625	n/a	1571818	1122
1538.421875	n/a	1575345	4210
1538.421875	n/a	1575345	4312
1541.62890625	n/a	1578629	1311
1541.7724609375	n/a	1578776	1312
1542.748046875	n/a	1579775	1311
1542.8759765625	n/a	1579906	1312
1543.037109375	n/a	1580071	1111
1543.845703125	n/a	1580899	4311
1543.896484375	n/a	1580951	4220
1543.896484375	n/a	1580951	1112
1546.298828125	n/a	1583411	1311
1546.4296875	n/a	1583545	1312
1547.544921875	n/a	1584687	4210
1548.298828125	n/a	1585459	1311
1548.4091796875	n/a	1585572	1312
1548.7001953125	n/a	1585870	4312
1550.9794921875	n/a	1588204	1311
1551.1259765625	n/a	1588354	1312
1555.5	n/a	1592833	1311
1555.63671875	n/a	1592973	1312
1557.6572265625	n/a	1595042	1121
1558.3115234375	n/a	1595712	4311
1558.3564453125	n/a	1595758	1122
1558.4287109375	n/a	1595832	4230
1558.6494140625	n/a	1596058	1311
1558.759765625	n/a	1596171	1312
1560.1982421875	n/a	1597644	4210
1560.6767578125	n/a	1598134	4312
1564.8896484375	n/a	1602448	1111
1564.9658203125	n/a	1602526	4230
1565.166015625	n/a	1602731	4210
1565.77734375	n/a	1603357	4311
1565.8330078125	n/a	1603414	1112
1566.095703125	n/a	1603683	4220
1567.94140625	n/a	1605573	4210
1568.849609375	n/a	1606503	1311
1568.9541015625	n/a	1606610	3200
1568.9736328125	n/a	1606630	1312
1569.2158203125	n/a	1606878	4312
1569.4111328125	n/a	1607078	2621
1570.2490234375	n/a	1607936	4230
1570.8798828125	n/a	1608582	1311
1571.009765625	n/a	1608715	1312
1571.3994140625	n/a	1609114	1311
1571.4482421875	n/a	1609164	1111
1571.537109375	n/a	1609255	1312
1572.1484375	n/a	1609881	4210
1572.470703125	n/a	1610211	4311
1572.5380859375	n/a	1610280	1112
1572.6494140625	n/a	1610394	4220
1574.7841796875	n/a	1612580	4210
1577.412109375	n/a	1615271	2622
1577.6337890625	n/a	1615498	1311
1577.7255859375	n/a	1615592	1312
1578.671875	n/a	1616561	4312
1580.7880859375	n/a	1618728	4230
1582.6103515625	n/a	1620594	1111
1582.73046875	n/a	1620717	1311
1582.8603515625	n/a	1620850	1312
1583.25390625	n/a	1621253	4210
1583.5107421875	n/a	1621516	4311
1583.5654296875	n/a	1621572	1112
1583.908203125	n/a	1621923	4220
1585.2880859375	n/a	1623336	4210
1586.583984375	n/a	1624663	4230
1588.8349609375	n/a	1626968	1111
1589.5419921875	n/a	1627692	4210
1589.7646484375	n/a	1627920	4311
1589.8310546875	n/a	1627988	1112
1590.04296875	n/a	1628205	4220
1591.6376953125	n/a	1629838	4210
1592.640625	n/a	1630865	4230
1594.9814453125	n/a	1633262	1111
1596.2041015625	n/a	1634514	4210
1596.34375	n/a	1634657	4311
1596.4443359375	n/a	1634760	1112
1596.5263671875	n/a	1634844	4220
1599.703125	n/a	1638097	4210
1601.115234375	n/a	1639543	4312
1601.4951171875	n/a	1639932	1111
1602.3857421875	n/a	1640844	4311
1602.4404296875	n/a	1640900	1112
1602.5537109375	n/a	1641016	4220
1604.1884765625	n/a	1642690	4210
1605.2216796875	n/a	1643748	4312
1609.1689453125	n/a	1647790	4230
1609.390625	n/a	1648017	3200
1609.9140625	n/a	1648553	2621
1610.48046875	n/a	1649133	1311
1610.6181640625	n/a	1649274	1312
1612.77734375	n/a	1651485	4210
1615.84765625	n/a	1654629	1111
1616.115234375	n/a	1654903	4311
1616.125	n/a	1654913	1112
1616.5546875	n/a	1655353	4312
1618.1640625	n/a	1657001	2622
1628.296875	n/a	1667377	1111
1629.2861328125	n/a	1668390	4220
1629.375	n/a	1668481	4311
1629.453125	n/a	1668561	1112
1632.95703125	n/a	1672149	4210
1633.3583984375	n/a	1672560	4312
1635.3798828125	n/a	1674630	1111
1636.046875	n/a	1675313	4220
1636.212890625	n/a	1675483	4311
1636.26953125	n/a	1675541	1112
1638.1044921875	n/a	1677420	4210
1639.056640625	n/a	1678395	4230
1641.224609375	n/a	1680615	4210
1641.224609375	n/a	1680615	4312
1641.294921875	n/a	1680687	1111
1641.83984375	n/a	1681245	4311
1641.8720703125	n/a	1681278	1112
1644.294921875	n/a	1683759	4312
1648.7861328125	n/a	1688358	1311
1648.8779296875	n/a	1688452	1312
1649.8134765625	n/a	1689410	1111
1650.669921875	n/a	1690287	4311
1650.724609375	n/a	1690343	1112
1650.857421875	n/a	1690479	3200
1650.88671875	n/a	1690509	4220
1651.166015625	n/a	1690795	2621
1653.634765625	n/a	1693323	4210
1655.6005859375	n/a	1695336	4312
1656.978515625	n/a	1696747	1111
1658.01171875	n/a	1697805	4220
1658.08984375	n/a	1697885	4311
1658.1669921875	n/a	1697964	1112
1659.666015625	n/a	1699499	2622
1661.208984375	n/a	1701079	4210
1661.703125	n/a	1701585	1311
1661.8427734375	n/a	1701728	1312
1662.853515625	n/a	1702763	4312
1663.03125	n/a	1702945	4230
1663.5224609375	n/a	1703448	1121
1663.900390625	n/a	1703835	4311
1663.912109375	n/a	1703847	1122
1665.353515625	n/a	1705323	1311
1665.484375	n/a	1705457	1312
1665.658203125	n/a	1705635	4210
1667.6240234375	n/a	1707648	4312
1670.453125	n/a	1710545	1311
1670.599609375	n/a	1710695	1312
1675.5537109375	n/a	1715768	1311
1675.693359375	n/a	1715911	1312
1676.5830078125	n/a	1716822	1311
1676.693359375	n/a	1716935	1312
1680.0302734375	n/a	1720352	1121
1680.6416015625	n/a	1720978	4311
1680.67578125	n/a	1721013	1122
1681.1484375	n/a	1721497	4230
1682.4033203125	n/a	1722782	4210
1683.783203125	n/a	1724195	1311
1683.888671875	n/a	1724303	1312
1683.9267578125	n/a	1724342	4312
1686.3798828125	n/a	1726854	1121
1687.4130859375	n/a	1727912	4311
1687.45703125	n/a	1727957	4230
1687.4794921875	n/a	1727980	1122
1689.9267578125	n/a	1730486	4210
1691.0205078125	n/a	1731606	3200
1691.1201171875	n/a	1731708	4220
1691.41796875	n/a	1732013	2621
1693.064453125	n/a	1733699	1121
1693.875	n/a	1734529	4210
1694.0302734375	n/a	1734688	4311
1694.09765625	n/a	1734757	1122
1694.4111328125	n/a	1735078	4230
1695.865234375	n/a	1736567	4210
1697.2099609375	n/a	1737944	4220
1699.9189453125	n/a	1740718	2622
1701.806640625	n/a	1742651	1121
1702.517578125	n/a	1743379	4210
1702.8623046875	n/a	1743732	4311
1702.939453125	n/a	1743811	1122
1703.0322265625	n/a	1743906	4230
1705.1015625	n/a	1746025	4210
1706.205078125	n/a	1747155	4312
1706.2451171875	n/a	1747196	4220
1708.5546875	n/a	1749561	1311
1708.701171875	n/a	1749711	1312
1708.9716796875	n/a	1749988	1111
1709.9267578125	n/a	1750966	4311
1709.9931640625	n/a	1751034	1112
1713.0810546875	n/a	1754196	4210
1714.6767578125	n/a	1755830	4230
1718.1494140625	n/a	1759386	1121
1719.2236328125	n/a	1760486	4311
1719.3017578125	n/a	1760566	1122
1721.5048828125	n/a	1762822	1311
1721.6328125	n/a	1762953	1312
1721.8310546875	n/a	1763156	4210
1722.7294921875	n/a	1764076	4220
1723.03515625	n/a	1764389	1311
1723.181640625	n/a	1764539	1312
1726.375	n/a	1767809	4210
1726.736328125	n/a	1768179	4312
1728.658203125	n/a	1770147	1311
1728.75	n/a	1770241	1312
1731.3408203125	n/a	1772894	1121
1732.029296875	n/a	1773599	4230
1732.41796875	n/a	1773997	3200
1732.517578125	n/a	1774099	4311
1732.595703125	n/a	1774179	1122
1732.9208984375	n/a	1774512	2621
1733.435546875	n/a	1775039	1311
1733.5732421875	n/a	1775180	1312
1735.865234375	n/a	1777527	4210
1737.5615234375	n/a	1779264	4312
1739.2578125	n/a	1781001	4220
1739.859375	n/a	1781617	4210
1740.587890625	n/a	1782363	1311
1740.7314453125	n/a	1782510	1312
1741.10546875	n/a	1782893	1311
1741.1708984375	n/a	1782960	2622
1741.251953125	n/a	1783043	1312
1743.38671875	n/a	1785229	1121
1744.4345703125	n/a	1786302	4311
1744.5009765625	n/a	1786370	4230
1744.51171875	n/a	1786381	1122
1747.4423828125	n/a	1789382	4210
1747.8359375	n/a	1789785	1311
1747.962890625	n/a	1789915	1312
1748.06640625	n/a	1790021	4312
1748.8359375	n/a	1790809	1311
1748.943359375	n/a	1790919	1312
1750.8486328125	n/a	1792870	4220
1752.4365234375	n/a	1794496	1311
1752.5810546875	n/a	1794644	1312
1752.7734375	n/a	1794841	1121
1753.2626953125	n/a	1795342	4210
1753.5517578125	n/a	1795638	4311
1753.595703125	n/a	1795683	1122
1754.0595703125	n/a	1796158	4230
1755.11328125	n/a	1797237	4210
1757.2197265625	n/a	1799394	4312
1757.5859375	n/a	1799769	1311
1757.7158203125	n/a	1799902	1312
1760.1689453125	n/a	1802414	1121
1760.98828125	n/a	1803253	4311
1761.0439453125	n/a	1803310	1122
1761.146484375	n/a	1803415	4230
1763.40625	n/a	1805729	4210
1764.83984375	n/a	1807197	1311
1764.931640625	n/a	1807291	1312
1765.08984375	n/a	1807453	4220
1766.740234375	n/a	1809143	1111
1767.94140625	n/a	1810373	4311
1768.0302734375	n/a	1810464	1112
1771.1357421875	n/a	1813644	1311
1771.2373046875	n/a	1813748	1312
1771.90234375	n/a	1814429	4210
1773.615234375	n/a	1816183	1111
1774.1806640625	n/a	1816762	3200
1774.5703125	n/a	1817161	4220
1774.6728515625	n/a	1817266	2621
1774.703125	n/a	1817297	4311
1774.78125	n/a	1817377	1112
1777.125	n/a	1819777	4210
1777.7080078125	n/a	1820374	4230
1779.9384765625	n/a	1822658	1311
1780.076171875	n/a	1822799	1312
1781.4560546875	n/a	1824212	1311
1781.607421875	n/a	1824367	1312
1782.0068359375	n/a	1824776	1311
1782.091796875	n/a	1824863	4210
1782.140625	n/a	1824913	1312
1782.4736328125	n/a	1825254	1111
1782.9228515625	n/a	1825714	2622
1783.1953125	n/a	1825993	4311
1783.2392578125	n/a	1826038	1112
1783.431640625	n/a	1826235	4220
1784.935546875	n/a	1827775	4210
1785.869140625	n/a	1828731	4230
1788.7109375	n/a	1831641	1311
1788.802734375	n/a	1831735	1312
1789.1650390625	n/a	1832106	1121
1789.984375	n/a	1832945	4311
1790.041015625	n/a	1833003	1122
1791.982421875	n/a	1834991	4210
1792.5751953125	n/a	1835598	4220
1798.2109375	n/a	1841369	1111
1798.974609375	n/a	1842151	4311
1799.01953125	n/a	1842197	1112
1800.087890625	n/a	1843291	1311
1800.224609375	n/a	1843431	1312
1801.037109375	n/a	1844263	4210
1802.8720703125	n/a	1846142	4312
1805.4755859375	n/a	1848808	1111
1806.2197265625	n/a	1849570	4311
1806.2802734375	n/a	1849632	1112
1806.384765625	n/a	1849739	4220
1807.8896484375	n/a	1851280	4210
1808.8828125	n/a	1852297	4230
1812.537109375	n/a	1856039	1311
1812.6396484375	n/a	1856144	1121
1812.66796875	n/a	1856173	1312
1813.5283203125	n/a	1857054	4311
1813.583984375	n/a	1857111	1122
1815.4794921875	n/a	1859052	4210
1815.66015625	n/a	1859237	3200
1816.1748046875	n/a	1859764	2621
1816.36328125	n/a	1859957	4220
1818.583984375	n/a	1862231	4210
1818.9052734375	n/a	1862560	4312
1822.0693359375	n/a	1865800	1121
1822.95703125	n/a	1866709	4311
1823.0029296875	n/a	1866756	4230
1823.013671875	n/a	1866767	1122
1824.42578125	n/a	1868213	2622
1825.505859375	n/a	1869319	4210
1826.4580078125	n/a	1870294	1311
1826.5859375	n/a	1870425	1312
1827.7900390625	n/a	1871658	4312
1829.6416015625	n/a	1873554	4230
1834.158203125	n/a	1878179	1311
1834.2890625	n/a	1878313	1312
1835.2880859375	n/a	1879336	1311
1835.435546875	n/a	1879487	1312
1835.556640625	n/a	1879611	4210
1844.087890625	n/a	1888347	1311
1844.2197265625	n/a	1888482	1312
1846.0927734375	n/a	1890400	1311
1846.220703125	n/a	1890531	1312
1849.4345703125	n/a	1893822	1121
1850.001953125	n/a	1894403	4311
1850.03515625	n/a	1894437	1122
1851.771484375	n/a	1896215	4312
1856.568359375	n/a	1901127	3200
1856.927734375	n/a	1901495	2621
1857.0380859375	n/a	1901608	1111
1857.8046875	n/a	1902393	4311
1857.849609375	n/a	1902439	1112
1858.263671875	n/a	1902863	4220
1859.2705078125	n/a	1903894	4210
1859.7939453125	n/a	1904430	4312
1862.7099609375	n/a	1907416	1311
1862.853515625	n/a	1907563	1312
1865.177734375	n/a	1909943	2622
1865.2373046875	n/a	1910004	4230
1865.5576171875	n/a	1910332	4210
1867.724609375	n/a	1912551	1111
1868.6796875	n/a	1913529	4220
1868.6796875	n/a	1913529	4311
1868.7470703125	n/a	1913598	1112
1869.939453125	n/a	1914819	1311
1870.0615234375	n/a	1914944	1312
1870.9345703125	n/a	1915838	4210
1873.291015625	n/a	1918251	4312
1875.44921875	n/a	1920461	4230
1877.0654296875	n/a	1922116	4210
1881.1943359375	n/a	1926344	1111
1881.9052734375	n/a	1927072	4311
1881.9501953125	n/a	1927118	1112
1882.69140625	n/a	1927877	4220
1883.134765625	n/a	1928331	4210
1885.1513671875	n/a	1930396	4230
1885.259765625	n/a	1930507	1311
1885.3671875	n/a	1930617	1312
1889.3115234375	n/a	1934656	1311
1889.447265625	n/a	1934795	1312
1889.515625	n/a	1934865	1111
1890.1044921875	n/a	1935468	4210
1890.4931640625	n/a	1935866	4311
1890.5595703125	n/a	1935934	1112
1890.7119140625	n/a	1936090	4220
1891.4609375	n/a	1936857	1311
1891.587890625	n/a	1936987	1312
1893.8798828125	n/a	1939334	4210
1893.8798828125	n/a	1939334	4312
1896.45703125	n/a	1941973	1111
1897.2001953125	n/a	1942734	4220
1897.2119140625	n/a	1942746	4311
1897.2568359375	n/a	1942792	1112
1897.3984375	n/a	1942937	3200
1897.6796875	n/a	1943225	2621
1899.3994140625	n/a	1944986	4210
1900.333984375	n/a	1945943	4312
1903.7958984375	n/a	1949488	4230
1905.6796875	n/a	1951417	2622
1906.71484375	n/a	1952477	4210
1907.8837890625	n/a	1953674	1121
1908.4375	n/a	1954241	4230
1908.669921875	n/a	1954479	4311
1908.71484375	n/a	1954525	1122
1908.9609375	n/a	1954777	1311
1909.0888671875	n/a	1954908	1312
1914.4912109375	n/a	1960440	1311
1914.62109375	n/a	1960573	1312
1916.189453125	n/a	1962179	4210
1916.5068359375	n/a	1962504	1121
1916.5732421875	n/a	1962572	1122
1919.7890625	n/a	1965865	4230
1922.6767578125	n/a	1968822	1121
1923.5771484375	n/a	1969744	4311
1923.6318359375	n/a	1969800	1122
1928.89453125	n/a	1975189	4210
1929.1171875	n/a	1975417	4312
1929.6083984375	n/a	1975920	1111
1930.23046875	n/a	1976557	4311
1930.263671875	n/a	1976591	1112
1932.44140625	n/a	1978821	4312
1933.783203125	n/a	1980195	4230
1934.0146484375	n/a	1980432	1311
1934.11328125	n/a	1980533	1312
1934.21484375	n/a	1980637	4210
1936.94921875	n/a	1983437	4230
1937.94140625	n/a	1984453	4210
1938.2529296875	n/a	1984772	3200
1938.681640625	n/a	1985211	2621
1939.611328125	n/a	1986163	1311
1939.7421875	n/a	1986297	1312
1940.701171875	n/a	1987279	4230
1944.2412109375	n/a	1990904	1311
1944.373046875	n/a	1991039	1312
1946.74609375	n/a	1993469	1311
1946.8818359375	n/a	1993608	1312
1947.4326171875	n/a	1994172	2622
1947.5185546875	n/a	1994260	1111
1948.40625	n/a	1995169	4311
1948.462890625	n/a	1995227	4210
1948.462890625	n/a	1995227	1112
1949.443359375	n/a	1996231	1311
1949.5791015625	n/a	1996370	1312
1949.9423828125	n/a	1996742	1311
1950.0791015625	n/a	1996882	1312
1950.287109375	n/a	1997095	4312
1952.4423828125	n/a	1999302	1311
1952.5859375	n/a	1999449	1312
1959.3798828125	n/a	2006406	1111
1959.5361328125	n/a	2006566	4311
1959.5361328125	n/a	2006566	1112
1961.1630859375	n/a	2008232	4312
1964.79296875	n/a	2011949	1311
1964.8662109375	n/a	2012024	1121
1964.9169921875	n/a	2012076	1312
1965.7763671875	n/a	2012956	4311
1965.83203125	n/a	2013013	1122
1965.8544921875	n/a	2013036	4230
1967.9462890625	n/a	2015178	1311
1968.0380859375	n/a	2015272	1312
1968.1259765625	n/a	2015362	4210
1969.3798828125	n/a	2016646	4312
1973.564453125	n/a	2020931	1311
1973.701171875	n/a	2021071	1312
1977.693359375	n/a	2025159	1311
1977.8330078125	n/a	2025302	1312
1978.693359375	n/a	2026183	1311
1978.80078125	n/a	2026293	1312
1980.1611328125	n/a	2027686	3200
1980.6845703125	n/a	2028222	2621
1981.8515625	n/a	2029417	1121
1982.5703125	n/a	2030153	4311
1982.6142578125	n/a	2030198	1122
1982.677734375	n/a	2030263	4230
1984.7216796875	n/a	2032356	4210
1986.224609375	n/a	2033895	4220
1987.2421875	n/a	2034937	4210
1988.2919921875	n/a	2036012	1111
1989.1845703125	n/a	2036926	2622
1989.2685546875	n/a	2037012	4220
1989.3134765625	n/a	2037058	4311
1989.380859375	n/a	2037127	1112
1992.53125	n/a	2040353	4210
1992.8330078125	n/a	2040662	4312
1994.955078125	n/a	2042835	1121
1995.77734375	n/a	2043677	4311
1995.8212890625	n/a	2043722	4230
1995.83203125	n/a	2043733	1122
1998.73046875	n/a	2046701	4210
1999.0927734375	n/a	2047072	4312
2003.5361328125	n/a	2051622	1111
2004.2587890625	n/a	2052362	4220
2004.5693359375	n/a	2052680	4311
2004.63671875	n/a	2052749	1112
2007.7060546875	n/a	2055892	4210
2009.263671875	n/a	2057487	1311
2009.390625	n/a	2057617	1312
2009.5009765625	n/a	2057730	4312
2009.7919921875	n/a	2058028	4230
2011.3896484375	n/a	2059664	1111
2011.8115234375	n/a	2060096	4311
2011.833984375	n/a	2060119	1112
2012.076171875	n/a	2060367	4210
2013.458984375	n/a	2061783	4230
2014.783203125	n/a	2063139	4210
2016.7490234375	n/a	2065152	4312
2017.96484375	n/a	2066397	1311
2018.0927734375	n/a	2066528	1312
2019.5146484375	n/a	2067984	1311
2019.642578125	n/a	2068115	1312
2019.9150390625	n/a	2068394	1111
2020.78125	n/a	2069281	4220
2021.4033203125	n/a	2069918	4311
2021.515625	n/a	2070033	1112
2021.8076171875	n/a	2070332	3200
2022.1865234375	n/a	2070720	2621
2024.8232421875	n/a	2073420	4210
2025.466796875	n/a	2074079	4312
2026.970703125	n/a	2075619	4230
2028.7646484375	n/a	2077456	1311
2028.8720703125	n/a	2077566	1312
2029.3603515625	n/a	2078066	4210
2030.6865234375	n/a	2079424	2622
2030.8076171875	n/a	2079548	1110
2032.4150390625	n/a	2081194	1311
2032.5498046875	n/a	2081332	1312
2033.9453125	n/a	2082761	1311
2034.052734375	n/a	2082871	1312
2035.794921875	n/a	2084655	4220
2037.76171875	n/a	2086669	1121
2038.1728515625	n/a	2087090	4311
2038.1943359375	n/a	2087112	1122
2038.2470703125	n/a	2087166	4210
2039.8837890625	n/a	2088842	4312
2040.615234375	n/a	2089591	1311
2040.7490234375	n/a	2089728	1312
2045.052734375	n/a	2094135	1121
2045.6865234375	n/a	2094784	4230
2045.7529296875	n/a	2094852	4311
2045.7978515625	n/a	2094898	1122
2045.8193359375	n/a	2094920	1311
2045.9189453125	n/a	2095022	1312
2050.5224609375	n/a	2099736	4210
2052.02734375	n/a	2101277	4220
2052.216796875	n/a	2101471	4210
2053.177734375	n/a	2102455	4312
2053.4150390625	n/a	2102698	1311
2053.544921875	n/a	2102831	1312
2053.98046875	n/a	2103277	1121
2055.013671875	n/a	2104335	4230
2055.03515625	n/a	2104357	4311
2055.11328125	n/a	2104437	1122
2055.595703125	n/a	2104931	1311
2055.7392578125	n/a	2105078	1312
2057.1494140625	n/a	2106522	4210
2058.2333984375	n/a	2107632	4220
2059.115234375	n/a	2108535	1311
2059.126953125	n/a	2108547	4210
2059.2607421875	n/a	2108684	1312
2060.4111328125	n/a	2109862	4312
2061.6142578125	n/a	2111094	1121
2062.1806640625	n/a	2111674	4230
2062.7412109375	n/a	2112248	4311
2062.818359375	n/a	2112327	1122
2063.08203125	n/a	2112597	3200
2063.4384765625	n/a	2112962	2621
2063.896484375	n/a	2113431	1311
2064.044921875	n/a	2113583	1312
2065.1552734375	n/a	2114720	4210
2066.0986328125	n/a	2115686	4220
2066.953125	n/a	2116561	4210
2067.0517578125	n/a	2116662	4312
2069.2314453125	n/a	2118894	1121
2069.5087890625	n/a	2119178	4311
2069.5205078125	n/a	2119190	1122
2070.01171875	n/a	2119693	4312
2071.689453125	n/a	2121411	2622
2077.259765625	n/a	2127115	1121
2077.9150390625	n/a	2127786	4230
2078.3486328125	n/a	2128230	4311
2078.42578125	n/a	2128309	1122
2081.638671875	n/a	2131599	4210
2083.2138671875	n/a	2133212	4230
2084.19921875	n/a	2134221	4210
2085.1875	n/a	2135233	4312
2085.267578125	n/a	2135315	1111
2085.912109375	n/a	2135975	4311
2085.9462890625	n/a	2136010	1112
2086.2705078125	n/a	2136342	4220
2087.484375	n/a	2137585	4210
2088.4267578125	n/a	2138550	4230
2088.5966796875	n/a	2138724	1311
2088.70703125	n/a	2138837	1312
2090.2216796875	n/a	2140388	4210
2090.529296875	n/a	2140703	4312
2091.8994140625	n/a	2142106	1121
2092.25390625	n/a	2142469	4311
2092.265625	n/a	2142481	1122
2092.3173828125	n/a	2142534	4230
2094.486328125	n/a	2144755	4210
2096.0615234375	n/a	2146368	4312
2096.2978515625	n/a	2146610	1311
2096.404296875	n/a	2146719	1312
2098.109375	n/a	2148465	1121
2098.6982421875	n/a	2149068	4311
2098.7314453125	n/a	2149102	1122
2098.8154296875	n/a	2149188	4230
2100.7119140625	n/a	2151130	4210
2101.1533203125	n/a	2151582	4312
2103.78125	n/a	2154273	3200
2104.0185546875	n/a	2154516	1311
2104.14453125	n/a	2154645	1312
2104.19140625	n/a	2154693	2621
2106.09765625	n/a	2156645	1311
2106.2412109375	n/a	2156792	1312
2106.69921875	n/a	2157261	1121
2107.1884765625	n/a	2157762	4230
2107.56640625	n/a	2158149	4311
2107.62109375	n/a	2158205	1122
2109.9755859375	n/a	2160616	4210
2111.6806640625	n/a	2162362	4312
2112.44140625	n/a	2163141	2622
2113.8857421875	n/a	2164620	1121
2114.498046875	n/a	2165247	1311
2114.5302734375	n/a	2165280	4230
2114.6005859375	n/a	2165352	1312
2114.8857421875	n/a	2165644	4311
2114.9521484375	n/a	2165712	1122
2118.0517578125	n/a	2168886	1311
2118.1875	n/a	2169025	1312
2120.6484375	n/a	2171545	1311
2120.7705078125	n/a	2171670	1312
2121.1220703125	n/a	2172030	1121
2121.9326171875	n/a	2172860	4311
2121.9892578125	n/a	2172918	1122
2123.4541015625	n/a	2174418	4210
2124.056640625	n/a	2175035	4220
2125.8212890625	n/a	2176842	1311
2125.9482421875	n/a	2176972	1312
2127.66796875	n/a	2178733	4210
2128.330078125	n/a	2179411	4312
2129.400390625	n/a	2180507	1311
2129.537109375	n/a	2180647	1312
2130.291015625	n/a	2181419	1121
2131.2021484375	n/a	2182352	4311
2131.2138671875	n/a	2182364	4230
2131.2587890625	n/a	2182410	1122
2133.0859375	n/a	2184281	4210
2133.7373046875	n/a	2184948	4312
2140.3759765625	n/a	2191746	4230
2141.7001953125	n/a	2193102	4210
2142.779296875	n/a	2194207	1121
2143.3349609375	n/a	2194776	4230
2143.58984375	n/a	2195037	4311
2143.646484375	n/a	2195095	1122
2145.2412109375	n/a	2196728	3200
2145.6220703125	n/a	2197118	4210
2145.693359375	n/a	2197191	2621
2146.0517578125	n/a	2197558	1311
2146.18359375	n/a	2197693	1312
2149.0625	n/a	2200641	4312
2152.263671875	n/a	2203919	1111
2153.1171875	n/a	2204793	4311
2153.171875	n/a	2204849	4220
2153.171875	n/a	2204849	1112
2154.443359375	n/a	2206151	2622
2154.828125	n/a	2206545	4210
2155.7685546875	n/a	2207508	4230
2164.2119140625	n/a	2216154	4210
2165.166015625	n/a	2217131	4312
2166.1240234375	n/a	2218112	1111
2167.0234375	n/a	2219033	4311
2167.0791015625	n/a	2219090	1112
2167.0908203125	n/a	2219102	4220
2168.767578125	n/a	2220819	4210
2168.9375	n/a	2220993	4312
2170.9345703125	n/a	2223038	4230
2171.896484375	n/a	2224023	1121
2172.287109375	n/a	2224423	4311
2172.30859375	n/a	2224445	1122
2175.4287109375	n/a	2227640	4210
2175.6904296875	n/a	2227908	4312
2179.24609375	n/a	2231549	1121
2179.4677734375	n/a	2231776	4230
2180.3681640625	n/a	2232698	4311
2180.4462890625	n/a	2232778	1122
2183.4951171875	n/a	2235900	4210
2185.3017578125	n/a	2237750	4312
2185.669921875	n/a	2238127	1311
2185.81640625	n/a	2238277	1312
2185.8994140625	n/a	2238362	3200
2186.4453125	n/a	2238921	2621
2186.490234375	n/a	2238967	1121
2187.423828125	n/a	2239923	4230
2187.490234375	n/a	2239991	4311
2187.556640625	n/a	2240059	1122
2192.703125	n/a	2245329	1121
2193.69140625	n/a	2246341	4311
2193.7578125	n/a	2246409	1122
2194.1962890625	n/a	2246858	2622
2196.9189453125	n/a	2249646	4210
2196.9189453125	n/a	2249646	4312
2197.0498046875	n/a	2249780	1311
2197.2001953125	n/a	2249934	1312
2198.7841796875	n/a	2251556	1121
2199.150390625	n/a	2251931	1311
2199.2578125	n/a	2252041	1312
2199.6845703125	n/a	2252478	4230
2199.71875	n/a	2252513	4311
2199.7841796875	n/a	2252580	1122
2200.2236328125	n/a	2253030	1311
2200.3515625	n/a	2253161	1312
2201.2197265625	n/a	2254050	1311
2201.359375	n/a	2254193	1312
2202.072265625	n/a	2254923	4210
2202.65234375	n/a	2255517	4312
2204.7001953125	n/a	2257614	1111
2205.1552734375	n/a	2258080	4220
2205.623046875	n/a	2258559	4311
2205.6884765625	n/a	2258626	1112
2208.1103515625	n/a	2261106	4210
2209.474609375	n/a	2262503	4230
2210.5048828125	n/a	2263558	1121
2210.671875	n/a	2263729	4311
2210.671875	n/a	2263729	1122
2216.05078125	n/a	2269237	1311
2216.158203125	n/a	2269347	1312
2222.1171875	n/a	2275449	4210
2224.03515625	n/a	2277413	4312
2224.37109375	n/a	2277757	1121
2224.87109375	n/a	2278269	4230
2225.181640625	n/a	2278587	4311
2225.2373046875	n/a	2278644	1122
2226.451171875	n/a	2279887	3200
2226.9482421875	n/a	2280396	2621
2227.6845703125	n/a	2281150	4210
2228.6279296875	n/a	2282116	4312
2231.94140625	n/a	2285509	1111
2232.8740234375	n/a	2286464	4220
2233.095703125	n/a	2286691	4311
2233.173828125	n/a	2286771	1112
2235.1982421875	n/a	2288844	2622
2235.3203125	n/a	2288969	4210
2236.001953125	n/a	2289667	4230
2243.7958984375	n/a	2297648	1111
2244.75390625	n/a	2298629	4210
2244.763671875	n/a	2298639	4311
2244.826171875	n/a	2298703	1112
2245.2998046875	n/a	2299188	4220
2246.5126953125	n/a	2300430	4210
2248.3583984375	n/a	2302320	4230
2250.4130859375	n/a	2304424	1121
2251.423828125	n/a	2305459	4311
2251.490234375	n/a	2305527	1122
2254.501953125	n/a	2308611	4210
2255.07421875	n/a	2309197	4312
2256.9599609375	n/a	2311128	1111
2257.8828125	n/a	2312073	4220
2258.015625	n/a	2312209	4311
2258.09375	n/a	2312289	1112
2260.009765625	n/a	2314251	4210
2260.671875	n/a	2314929	4230
2265.67578125	n/a	2320053	1121
2266.5751953125	n/a	2320974	4311
2266.630859375	n/a	2321031	1122
2268.3359375	n/a	2322777	3200
2268.7001953125	n/a	2323150	2621
2269.388671875	n/a	2323855	4210
2271.4033203125	n/a	2325918	1311
2271.5400390625	n/a	2326058	1312
2271.7763671875	n/a	2326300	4312
2272.53515625	n/a	2327077	1111
2273.357421875	n/a	2327919	4311
2273.3681640625	n/a	2327930	4220
2273.4130859375	n/a	2327976	1112
2275.3984375	n/a	2330009	4210
2276.9541015625	n/a	2331602	4312
2277.4501953125	n/a	2332110	2622
2279.2177734375	n/a	2333920	1121
2279.9072265625	n/a	2334626	4230
2280.041015625	n/a	2334763	4311
2280.0966796875	n/a	2334820	1122
2282.5771484375	n/a	2337360	4210
2283.640625	n/a	2338449	4312
2283.802734375	n/a	2338615	1311
2283.908203125	n/a	2338723	1312
2286.8525390625	n/a	2341738	1311
2286.98828125	n/a	2341877	1312
2288.046875	n/a	2342961	1121
2288.61328125	n/a	2343541	4230
2289.046875	n/a	2343985	4311
2289.11328125	n/a	2344053	1122
2291.1796875	n/a	2346169	4210
2291.8134765625	n/a	2346818	4312
2292.5732421875	n/a	2347596	1311
2292.6689453125	n/a	2347694	1312
2293.0771484375	n/a	2348112	1311
2293.1689453125	n/a	2348206	1312
2294.4892578125	n/a	2349558	4230
2295.357421875	n/a	2350447	1111
2295.703125	n/a	2350801	1311
2295.798828125	n/a	2350899	1312
2295.8681640625	n/a	2350970	4210
2296.32421875	n/a	2351437	4311
2296.390625	n/a	2351505	1112
2296.5537109375	n/a	2351672	4220
2297.9990234375	n/a	2353152	4210
2299.2529296875	n/a	2354436	4230
2299.8037109375	n/a	2355000	1311
2299.9501953125	n/a	2355150	1312
2301.7255859375	n/a	2356968	1121
2301.9228515625	n/a	2357170	1311
2302.0546875	n/a	2357305	1312
2302.8251953125	n/a	2358094	4311
2302.9033203125	n/a	2358174	1122
2305.3974609375	n/a	2360728	4210
2307.984375	n/a	2363377	4312
2308.154296875	n/a	2363551	1121
2308.8779296875	n/a	2364292	4230
2309.2890625	n/a	2364713	4311
2309.3671875	n/a	2364793	1122
2310.875	n/a	2366337	3200
2311.4521484375	n/a	2366928	2621
2312.32421875	n/a	2367821	1311
2312.4677734375	n/a	2367968	1312
2313.8232421875	n/a	2369356	1311
2313.875	n/a	2369409	4210
2313.953125	n/a	2369489	1312
2315.21875	n/a	2370785	4312
2317.517578125	n/a	2373139	1111
2318.306640625	n/a	2373947	4311
2318.3515625	n/a	2373993	4220
2318.36328125	n/a	2374005	1112
2319.453125	n/a	2375121	2622
2320.2197265625	n/a	2375906	4210
2321.5546875	n/a	2377273	1311
2321.6943359375	n/a	2377416	1312
2322.5966796875	n/a	2378340	4230
2324.8310546875	n/a	2380628	1111
2325.4638671875	n/a	2381276	4210
2325.5087890625	n/a	2381322	4311
2325.5537109375	n/a	2381368	1112
2326.75390625	n/a	2382597	1311
2326.884765625	n/a	2382731	1312
2327.7890625	n/a	2383657	4230
2330.669921875	n/a	2386607	4210
2331.0703125	n/a	2387017	4312
2331.6240234375	n/a	2387584	4230
2333.345703125	n/a	2389347	1111
2333.9248046875	n/a	2389940	1311
2334.064453125	n/a	2390083	1312
2334.2900390625	n/a	2390314	4210
2334.3896484375	n/a	2390416	4311
2334.45703125	n/a	2390485	1112
2334.69921875	n/a	2390733	4220
2336.22265625	n/a	2392293	4210
2336.7734375	n/a	2392857	4230
2339.849609375	n/a	2396007	4210
2339.9599609375	n/a	2396120	4312
2341.384765625	n/a	2397579	1111
2342.26171875	n/a	2398477	4311
2342.318359375	n/a	2398535	1112
2342.5400390625	n/a	2398762	4220
2344.11328125	n/a	2400373	4210
2345.3876953125	n/a	2401678	4230
2348.3291015625	n/a	2404690	1111
2349.0849609375	n/a	2405464	4210
2349.2841796875	n/a	2405668	4311
2349.3515625	n/a	2405737	1112
2349.5068359375	n/a	2405896	1311
2349.603515625	n/a	2405995	4220
2349.6328125	n/a	2406025	1312
2351.1865234375	n/a	2407616	4210
2351.52734375	n/a	2407965	3200
2351.955078125	n/a	2408403	2621
2352.8017578125	n/a	2409270	4312
2357.509765625	n/a	2414091	1121
2358.04296875	n/a	2414637	4230
2358.2255859375	n/a	2414824	1311
2358.35546875	n/a	2414957	1312
2358.3623046875	n/a	2414964	4311
2358.4169921875	n/a	2415020	1122
2360.205078125	n/a	2416851	2622
2361.5498046875	n/a	2418228	4210
2362.5537109375	n/a	2419256	4312
2364.8671875	n/a	2421625	1111
2365.7890625	n/a	2422569	4311
2365.8564453125	n/a	2422638	1112
2365.8984375	n/a	2422681	4220
2367.0263671875	n/a	2423836	1311
2367.1650390625	n/a	2423978	1312
2367.79296875	n/a	2424621	4210
2369.0244140625	n/a	2425882	4312
2370.5751953125	n/a	2427470	1311
2370.712890625	n/a	2427611	1312
2371.4091796875	n/a	2428324	1111
2372.3310546875	n/a	2429268	4311
2372.3857421875	n/a	2429324	4220
2372.396484375	n/a	2429335	1112
2374.45703125	n/a	2431445	4210
2375.3896484375	n/a	2432400	4312
2375.806640625	n/a	2432827	1311
2375.943359375	n/a	2432967	1312
2377.306640625	n/a	2434363	1311
2377.4287109375	n/a	2434488	1312
2379.7509765625	n/a	2436866	4230
2379.8564453125	n/a	2436974	1311
2379.9638671875	n/a	2437084	1312
2379.9853515625	n/a	2437106	1111
2380.4619140625	n/a	2437594	4210
2380.9072265625	n/a	2438050	1311
2380.9228515625	n/a	2438066	4311
2380.984375	n/a	2438129	1112
2381.01171875	n/a	2438157	1312
2381.083984375	n/a	2438231	4220
2383.423828125	n/a	2440627	4210
2385.142578125	n/a	2442387	4230
2389.2822265625	n/a	2446626	4210
2389.8642578125	n/a	2447222	4312
2391.81640625	n/a	2449221	3200
2392.20703125	n/a	2449621	2621
2392.833984375	n/a	2450263	1111
2393.72265625	n/a	2451173	4220
2393.8447265625	n/a	2451298	4311
2393.912109375	n/a	2451367	1112
2396.48046875	n/a	2453997	4210
2397.1123046875	n/a	2454644	4312
2399.693359375	n/a	2457287	1121
2400.45703125	n/a	2458069	2622
2400.7158203125	n/a	2458334	4311
2400.748046875	n/a	2458367	4230
2400.78125	n/a	2458401	1122
2403.2822265625	n/a	2460962	4210
2404.8271484375	n/a	2462544	4230
2406.4580078125	n/a	2464214	1111
2406.9013671875	n/a	2464668	4210
2407.423828125	n/a	2465203	4311
2407.4912109375	n/a	2465272	1112
2407.5732421875	n/a	2465356	4220
2409.2470703125	n/a	2467070	4210
2409.908203125	n/a	2467747	1311
2410.03515625	n/a	2467877	1312
2410.2802734375	n/a	2468128	4230
2410.6005859375	n/a	2468456	4210
2411.3037109375	n/a	2469176	4312
2415.220703125	n/a	2473187	4230
2415.3017578125	n/a	2473270	1121
2416.1689453125	n/a	2474158	4311
2416.224609375	n/a	2474215	1122
2419.4404296875	n/a	2477508	4210
2420.01171875	n/a	2478093	4220
2421.2080078125	n/a	2479318	1311
2421.341796875	n/a	2479455	1312
2426.1171875	n/a	2484345	4210
2426.7490234375	n/a	2484992	4312
2430.5478515625	n/a	2488882	1121
2430.904296875	n/a	2489247	4230
2431.0810546875	n/a	2489428	1311
2431.1728515625	n/a	2489522	1312
2431.5478515625	n/a	2489906	4311
2431.615234375	n/a	2489975	1122
2432.6181640625	n/a	2491002	3200
2432.958984375	n/a	2491351	2621
2433.8720703125	n/a	2492286	4210
2434.8056640625	n/a	2493242	4220
2434.9755859375	n/a	2493416	4210
2435.8779296875	n/a	2494340	4312
2438.94140625	n/a	2497477	1121
2439.6962890625	n/a	2498250	4311
2439.7412109375	n/a	2498296	1122
2439.833984375	n/a	2498391	4230
2441.3662109375	n/a	2499960	4210
2441.4599609375	n/a	2500056	2622
2441.96875	n/a	2500577	4312
2442.4111328125	n/a	2501030	1311
2442.5556640625	n/a	2501178	1312
2446.232421875	n/a	2504943	4220
2447.1083984375	n/a	2505840	1311
2447.2392578125	n/a	2505974	1312
2449.798828125	n/a	2508595	4210
2451.5439453125	n/a	2510382	4230
2453.9765625	n/a	2512873	1121
2454.8203125	n/a	2513737	4311
2454.8759765625	n/a	2513794	1122
2458.7890625	n/a	2517801	4210
2458.8984375	n/a	2517913	4312
2461.7578125	n/a	2520841	1121
2462.4404296875	n/a	2521540	4230
2462.8056640625	n/a	2521914	4311
2462.8837890625	n/a	2521994	1122
2465.64453125	n/a	2524821	4210
2468.375	n/a	2527617	4312
2468.8876953125	n/a	2528142	1111
2469.27734375	n/a	2528541	4311
2469.298828125	n/a	2528563	1112
2469.79296875	n/a	2529069	4312
2474.1083984375	n/a	2533488	3200
2474.4619140625	n/a	2533850	2621
2476.2958984375	n/a	2535728	1121
2476.884765625	n/a	2536331	4230
2477.0283203125	n/a	2536478	4311
2477.0732421875	n/a	2536524	1122
2478.560546875	n/a	2538047	1311
2478.6650390625	n/a	2538154	1312
2479.5810546875	n/a	2539092	4210
2480.060546875	n/a	2539583	1311
2480.1650390625	n/a	2539690	1312
2480.4140625	n/a	2539945	4312
2482.0791015625	n/a	2541650	1311
2482.2060546875	n/a	2541780	1312
2482.3720703125	n/a	2541950	1111
2482.6943359375	n/a	2542280	4311
2482.7060546875	n/a	2542292	1112
2482.7119140625	n/a	2542298	2622
2483.4189453125	n/a	2543022	4312
2487.8955078125	n/a	2547606	1111
2487.9619140625	n/a	2547674	1112
2492.2802734375	n/a	2552096	1311
2492.4033203125	n/a	2552222	1312
2492.568359375	n/a	2552391	4230
2493.830078125	n/a	2553683	1311
2493.9541015625	n/a	2553810	1312
2499.5546875	n/a	2559545	1121
2500.388671875	n/a	2560399	4311
2500.4443359375	n/a	2560456	1122
2503.2783203125	n/a	2563358	4210
2504.099609375	n/a	2564199	4312
2506.0810546875	n/a	2566228	1311
2506.2109375	n/a	2566361	1312
2511.130859375	n/a	2571399	1311
2511.27734375	n/a	2571549	1312
2511.5869140625	n/a	2571866	1111
2511.908203125	n/a	2572195	4311
2511.919921875	n/a	2572207	1112
2513.23046875	n/a	2573549	1311
2513.3466796875	n/a	2573668	1312
2513.8115234375	n/a	2574144	4312
2514.18359375	n/a	2574525	4230
2515.216796875	n/a	2575583	3200
2515.7138671875	n/a	2576092	2621
2517.3369140625	n/a	2577754	1121
2518.2490234375	n/a	2578688	4311
2518.3095703125	n/a	2578750	1122
2519.896484375	n/a	2580375	4210
2520.2470703125	n/a	2580734	4220
2523.603515625	n/a	2584171	1111
2524.2138671875	n/a	2584796	2622
2524.4248046875	n/a	2585012	4311
2524.4814453125	n/a	2585070	1112
2526.7783203125	n/a	2587422	4210
2528.5634765625	n/a	2589250	4220
2529.6611328125	n/a	2590374	1311
2529.7685546875	n/a	2590484	1312
2530.0263671875	n/a	2590748	4210
2531.09765625	n/a	2591845	4312
2533.1826171875	n/a	2593980	1311
2533.30859375	n/a	2594109	1312
2539.6689453125	n/a	2600622	1121
2540.3583984375	n/a	2601328	4230
2540.6796875	n/a	2601657	4311
2540.7470703125	n/a	2601726	1122
2543.13671875	n/a	2604173	4210
2544.1806640625	n/a	2605242	4312
2546.3701171875	n/a	2607484	1111
2546.5703125	n/a	2607689	4311
2546.5703125	n/a	2607689	1112
2547.064453125	n/a	2608195	4312
2552.0869140625	n/a	2613338	1121
2552.4873046875	n/a	2613748	4230
2553.0556640625	n/a	2614330	4311
2553.123046875	n/a	2614399	1122
2554.8505859375	n/a	2616168	3200
2555.1904296875	n/a	2616516	4210
2555.2158203125	n/a	2616542	2621
2556.18359375	n/a	2617533	4220
2557.33203125	n/a	2618709	1311
2557.46484375	n/a	2618845	1312
2557.81640625	n/a	2619205	4210
2557.9267578125	n/a	2619318	4312
2558.55078125	n/a	2619957	1121
2559.5302734375	n/a	2620960	4230
2559.5302734375	n/a	2620960	4311
2559.5966796875	n/a	2621028	1122
2563.216796875	n/a	2624735	2622
2563.2578125	n/a	2624777	4210
2564.5322265625	n/a	2626082	1311
2564.681640625	n/a	2626235	1312
2565.2236328125	n/a	2626790	4312
2565.5625	n/a	2627137	1311
2565.6904296875	n/a	2627268	1312
2565.9365234375	n/a	2627520	4230
2567.140625	n/a	2628753	1121
2568.2294921875	n/a	2629868	4311
2568.3095703125	n/a	2629950	1122
2571.0380859375	n/a	2632744	4210
2571.283203125	n/a	2632995	1311
2571.400390625	n/a	2633115	1312
2571.919921875	n/a	2633647	4312
2572.220703125	n/a	2633955	4220
2574.3017578125	n/a	2636086	4210
2574.3330078125	n/a	2636118	1311
2574.4375	n/a	2636225	1312
2579.07421875	n/a	2640973	4230
2590.0576171875	n/a	2652220	4210
2594.865234375	n/a	2657143	4230
2596.3515625	n/a	2658665	3200
2596.9677734375	n/a	2659296	2621
2598.783203125	n/a	2661155	1311
2598.91015625	n/a	2661285	1312
2602.1630859375	n/a	2664616	1121
2603.0634765625	n/a	2665538	4311
2603.1181640625	n/a	2665594	1122
2605.46875	n/a	2668001	2622
2606.013671875	n/a	2668559	1311
2606.1494140625	n/a	2668698	1312
2607.205078125	n/a	2669779	4210
2607.205078125	n/a	2669779	4312
2609.0673828125	n/a	2671686	1121
2609.0791015625	n/a	2671698	1122
2614.1650390625	n/a	2676906	1311
2614.291015625	n/a	2677035	1312
2617.1572265625	n/a	2679970	1121
2617.701171875	n/a	2680527	4230
2618.0234375	n/a	2680857	4311
2618.0791015625	n/a	2680914	1122
2620.919921875	n/a	2683823	4210
2621.0390625	n/a	2683945	4312
2624.9638671875	n/a	2687964	1311
2625.095703125	n/a	2688099	1312
2625.255859375	n/a	2688263	1111
2626.2216796875	n/a	2689252	4311
2626.2900390625	n/a	2689322	1112
2626.30078125	n/a	2689333	4220
2628.41015625	n/a	2691493	4210
2630.8173828125	n/a	2693958	4312
2632.462890625	n/a	2695643	4230
2632.5869140625	n/a	2695770	1111
2633.1982421875	n/a	2696396	4210
2633.576171875	n/a	2696783	4311
2633.6435546875	n/a	2696852	1112
2633.765625	n/a	2696977	4220
2635.365234375	n/a	2698615	1311
2635.51171875	n/a	2698765	1312
2636.19921875	n/a	2699469	4210
2637.654296875	n/a	2700959	4230
2638.96484375	n/a	2702301	1311
2639.02734375	n/a	2702365	1121
2639.072265625	n/a	2702411	1312
2639.171875	n/a	2702513	4311
2639.171875	n/a	2702513	1122
2639.9462890625	n/a	2703306	3200
2640.470703125	n/a	2703843	2621
2640.515625	n/a	2703889	1311
2640.642578125	n/a	2704019	1312
2642.595703125	n/a	2706019	4210
2643.8994140625	n/a	2707354	4230
2646.6142578125	n/a	2710134	1311
2646.677734375	n/a	2710199	1111
2646.7548828125	n/a	2710278	1312
2647.6337890625	n/a	2711178	4210
2647.72265625	n/a	2711269	4311
2647.7890625	n/a	2711337	1112
2647.994140625	n/a	2711547	4220
2648.720703125	n/a	2712291	2622
2649.265625	n/a	2712849	1311
2649.412109375	n/a	2712999	1312
2653.5615234375	n/a	2717248	4210
2654.36328125	n/a	2718069	4312
2655.2001953125	n/a	2718926	1121
2655.98828125	n/a	2719733	4230
2656.548828125	n/a	2720307	4311
2656.6484375	n/a	2720409	1122
2660.884765625	n/a	2724747	4210
2660.9453125	n/a	2724809	4312
2662.375	n/a	2726273	1121
2663.2294921875	n/a	2727148	4230
2663.5517578125	n/a	2727478	4311
2663.6298828125	n/a	2727558	1122
2664.8359375	n/a	2728793	1311
2664.9599609375	n/a	2728920	1312
2666.7294921875	n/a	2730732	4210
2666.9599609375	n/a	2730968	4312
2671.4736328125	n/a	2735590	1111
2671.5849609375	n/a	2735704	1112
2675.015625	n/a	2739217	1311
2675.1630859375	n/a	2739368	1312
2677.75	n/a	2742017	1111
2678.7939453125	n/a	2743086	4311
2678.8154296875	n/a	2743108	4220
2678.859375	n/a	2743153	1112
2680.66015625	n/a	2744997	4210
2681.2509765625	n/a	2745602	3200
2681.58203125	n/a	2745941	4230
2681.72265625	n/a	2746085	2621
2682.5458984375	n/a	2746928	4210
2683.09765625	n/a	2747493	4230
2684.9384765625	n/a	2749378	1121
2685.4697265625	n/a	2749922	1311
2685.6005859375	n/a	2750056	1312
2685.7822265625	n/a	2750242	4311
2685.837890625	n/a	2750299	1122
2687.693359375	n/a	2752199	4210
2688.515625	n/a	2753041	1311
2688.576171875	n/a	2753103	4220
2688.6474609375	n/a	2753176	1312
2690.2236328125	n/a	2754790	2622
2690.517578125	n/a	2755091	1311
2690.65625	n/a	2755233	1312
2692.1171875	n/a	2756729	4210
2692.1171875	n/a	2756729	4312
2694.0205078125	n/a	2758678	1111
2694.5205078125	n/a	2759190	4220
2694.6318359375	n/a	2759304	4311
2694.6650390625	n/a	2759338	1112
2695.740234375	n/a	2760439	1311
2695.8681640625	n/a	2760570	1312
2696.6826171875	n/a	2761404	4210
2696.9931640625	n/a	2761722	4312
2700.3935546875	n/a	2765204	1111
2701.361328125	n/a	2766195	4311
2701.4267578125	n/a	2766262	1112
2701.4892578125	n/a	2766326	4220
2703.43359375	n/a	2768317	4210
2704.408203125	n/a	2769315	4312
2706.365234375	n/a	2771319	4230
2706.921875	n/a	2771889	1121
2708.1708984375	n/a	2773168	1311
2708.306640625	n/a	2773307	1312
2708.5595703125	n/a	2773566	4311
2708.681640625	n/a	2773691	1122
2713.97265625	n/a	2779109	4210
2714.6044921875	n/a	2779756	4312
2717.0166015625	n/a	2782226	4230
2718.4423828125	n/a	2783686	1111
2719.0078125	n/a	2784265	4210
2719.453125	n/a	2784721	4311
2719.5185546875	n/a	2784788	1112
2719.6220703125	n/a	2784894	4220
2721.466796875	n/a	2786783	4210
2721.9287109375	n/a	2787256	3200
2722.4755859375	n/a	2787816	2621
2722.701171875	n/a	2788047	4230
2724.1552734375	n/a	2789536	4210
2724.1552734375	n/a	2789536	4312
2725.537109375	n/a	2790951	1311
2725.6689453125	n/a	2791086	1312
2727.7939453125	n/a	2793262	1111
2728.716796875	n/a	2794207	4311
2728.783203125	n/a	2794275	1112
2728.865234375	n/a	2794359	4220
2730.310546875	n/a	2795839	4210
2730.4755859375	n/a	2796008	2622
2730.97265625	n/a	2796517	4312
2731.6650390625	n/a	2797226	4230
2735.376953125	n/a	2801027	1111
2736.0537109375	n/a	2801720	4210
2736.3974609375	n/a	2802072	4311
2736.46484375	n/a	2802141	1112
2736.5771484375	n/a	2802256	4220
2738.4423828125	n/a	2804166	4210
2738.568359375	n/a	2804295	1311
2738.71484375	n/a	2804445	1312
2739.8173828125	n/a	2805574	4230
2740.8544921875	n/a	2806636	4210
2740.8974609375	n/a	2806680	4312
2741.9091796875	n/a	2807716	4230
2742.08203125	n/a	2807893	1121
2742.9609375	n/a	2808793	4311
2743.021484375	n/a	2808855	1122
2745.47265625	n/a	2811365	4210
2746.8447265625	n/a	2812770	4312
2750.84765625	n/a	2816869	1121
2751.205078125	n/a	2817235	4311
2751.2158203125	n/a	2817246	1122
2753.7177734375	n/a	2819808	4312
2758.140625	n/a	2824337	1111
2758.5078125	n/a	2824713	4311
2758.51953125	n/a	2824725	1112
2760.6376953125	n/a	2826894	1311
2760.6708984375	n/a	2826928	1312
2761.1015625	n/a	2827369	4312
2763.083984375	n/a	2829399	3200
2763.7275390625	n/a	2830058	2621
2764.5546875	n/a	2830905	1111
2764.8388671875	n/a	2831196	1311
2764.978515625	n/a	2831339	1312
2765.5654296875	n/a	2831940	4311
2765.609375	n/a	2831985	4220
2765.6318359375	n/a	2832008	1112
2767.8173828125	n/a	2834246	4210
2768.5908203125	n/a	2835038	4312
2769.9052734375	n/a	2836384	4230
2771.9775390625	n/a	2838506	2622
2779.76953125	n/a	2846485	1311
2779.90625	n/a	2846625	1312
2780.2607421875	n/a	2846988	1121
2780.4287109375	n/a	2847160	4210
2780.7392578125	n/a	2847478	4230
2781.21875	n/a	2847969	4311
2781.2841796875	n/a	2848036	1122
2783.4541015625	n/a	2850258	4210
2784.439453125	n/a	2851267	1311
2784.5771484375	n/a	2851408	1312
2784.61328125	n/a	2851445	4220
2787.1494140625	n/a	2854042	4210
2787.7109375	n/a	2854617	4312
2793.865234375	n/a	2860919	1111
2794.7470703125	n/a	2861822	4311
2794.802734375	n/a	2861879	1112
2794.865234375	n/a	2861943	4220
2796.3701171875	n/a	2863484	4210
2797.3720703125	n/a	2864510	4230
2801.291015625	n/a	2868523	1121
2802.19140625	n/a	2869445	4311
2802.2470703125	n/a	2869502	1122
2803.8896484375	n/a	2871184	1311
2804.017578125	n/a	2871315	1312
2804.787109375	n/a	2872103	3200
2805.09765625	n/a	2872421	4210
2805.1572265625	n/a	2872482	4312
2805.2294921875	n/a	2872556	2621
2807.4208984375	n/a	2874800	1311
2807.5498046875	n/a	2874932	1312
2811.6064453125	n/a	2879086	1310
2811.6064453125	n/a	2879086	2622
